cohort,calling,level,weapon,profile,party,defense,candidate,total,split,winRate,ciLow,ciHigh,rounds,enemyTurns,partyHP,playerTickEffective,playerPendingLost,timeouts
main,dedication,1,longsword,short,1,off,instant100,1,1,0.9366666666666666,0.9091050841716496,0.9642282491616837,2.9066666666666667,2.51,0.7491666666666664,0,0,0
main,dedication,1,longsword,short,1,off,old80_20,1,0.8,0.9366666666666666,0.9091050841716496,0.9642282491616837,3.28,2.8866666666666667,0.727591666666667,0.4310533333333336,1.6820233333333352,0
main,dedication,1,longsword,short,1,off,premium70_70,1.4,0.5,0.9266666666666666,0.8971676236187855,0.9561657097145477,2.8266666666666667,2.43,0.7284444444444446,1.2678999999999998,4.8710200000000015,0
main,dedication,1,longsword,short,1,off,premium80_60,1.4,0.5714285714285714,0.92,0.8893002844747165,0.9506997155252835,2.6933333333333334,2.3,0.7369444444444443,0.8859999999999999,4.118000000000001,0
main,dedication,1,longsword,short,1,off,premium84_56,1.4,0.6,0.92,0.8893002844747165,0.9506997155252835,2.6933333333333334,2.3,0.7344313888888886,0.7594966666666683,3.8519700000000032,0
main,dedication,1,longsword,short,1,off,premium80_40,1.2,0.6666666666666666,0.9266666666666666,0.8971676236187855,0.9561657097145477,2.97,2.5733333333333333,0.7282041666666667,0.6881266666666664,3.0797966666666703,0
main,dedication,1,longsword,short,1,off,instant140,1.4,1,0.9166666666666666,0.8853907144799595,0.9479426188533737,2.3766666666666665,1.9833333333333334,0.7362222222222222,0,0,0
main,dedication,1,longsword,short,2,off,instant100,1,1,0.8833333333333333,0.8470061982860888,0.9196604683805778,3.1366666666666667,4.16,0.7952777777777776,0,0,0
main,dedication,1,longsword,short,2,off,old80_20,1,0.8,0.88,0.8432271404429843,0.9167728595570157,3.546666666666667,4.78,0.7774219444444442,0.5278400000000002,3.777233333333335,0
main,dedication,1,longsword,short,2,off,premium70_70,1.4,0.5,0.81,0.765606973520608,0.8543930264793921,3.2466666666666666,4.303333333333334,0.7625262500000003,1.685679999999999,11.837429999999998,0
main,dedication,1,longsword,short,2,off,premium80_60,1.4,0.5714285714285714,0.8266666666666667,0.7838313776494885,0.8695019556838448,3.04,3.986666666666667,0.7736666666666668,1.1933333333333334,9.591333333333333,0
main,dedication,1,longsword,short,2,off,premium84_56,1.4,0.6,0.8266666666666667,0.7838313776494885,0.8695019556838448,3.04,3.9833333333333334,0.7718047222222227,1.0202700000000011,8.934783333333334,0
main,dedication,1,longsword,short,2,off,premium80_40,1.2,0.6666666666666666,0.8333333333333334,0.7911608480079637,0.875505818658703,3.3066666666666666,4.41,0.7737484722222226,0.8989166666666667,7.063670000000002,0
main,dedication,1,longsword,short,2,off,instant140,1.4,1,0.8266666666666667,0.7838313776494885,0.8695019556838448,2.4966666666666666,3.26,0.7793611111111118,0,0,0
main,dedication,1,longsword,durable,1,off,instant100,1,1,0.2866666666666667,0.23549491288408478,0.3378384204492486,4.723333333333334,4.54,0.12333333333333328,0,0,0
main,dedication,1,longsword,durable,1,off,old80_20,1,0.8,0.2833333333333333,0.23234123518005007,0.3343254314866166,5.076666666666667,4.89,0.11521750000000004,2.073616666666667,1.0583399999999998,0
main,dedication,1,longsword,durable,1,off,premium70_70,1.4,0.5,0.33,0.276790421914847,0.38320957808515305,4.1066666666666665,3.8966666666666665,0.14157666666666663,5.134263333333333,3.5019866666666637,0
main,dedication,1,longsword,durable,1,off,premium80_60,1.4,0.5714285714285714,0.31333333333333335,0.2608439190919131,0.3658227475747536,3.9833333333333334,3.7866666666666666,0.14605555555555555,4.164000000000001,2.932666666666667,0
main,dedication,1,longsword,durable,1,off,premium84_56,1.4,0.6,0.31666666666666665,0.26402702521792715,0.36930630811540616,3.966666666666667,3.77,0.14676861111111103,3.820860000000001,2.782876666666669,0
main,dedication,1,longsword,durable,1,off,premium80_40,1.2,0.6666666666666666,0.31666666666666665,0.26402702521792715,0.36930630811540616,4.4,4.19,0.13436444444444445,3.3002766666666683,2.08188,0
main,dedication,1,longsword,durable,1,off,instant140,1.4,1,0.31333333333333335,0.2608439190919131,0.3658227475747536,3.473333333333333,3.28,0.17333333333333323,0,0,0
main,dedication,1,longsword,durable,2,off,instant100,1,1,0.08,0.049300284474716495,0.11069971552528352,3.1666666666666665,5.21,0.5150000000000001,0,0,0
main,dedication,1,longsword,durable,2,off,old80_20,1,0.8,0.056666666666666664,0.030503406024930752,0.08282992730840258,3.4433333333333334,5.83,0.508055138888889,1.7165366666666655,2.2389433333333324,0
main,dedication,1,longsword,durable,2,off,premium70_70,1.4,0.5,0.05333333333333334,0.027906437104106858,0.07876022956255982,3.1233333333333335,5.18,0.50919875,4.837013333333332,7.300369999999998,0
main,dedication,1,longsword,durable,2,off,premium80_60,1.4,0.5714285714285714,0.07,0.041127397069193786,0.09887260293080623,3.0166666666666666,4.923333333333333,0.5111944444444445,3.7420000000000004,6.311999999999995,0
main,dedication,1,longsword,durable,2,off,premium84_56,1.4,0.6,0.07333333333333333,0.04383429028545226,0.10283237638121441,3.01,4.903333333333333,0.5114791666666667,3.397833333333331,5.967806666666665,0
main,dedication,1,longsword,durable,2,off,premium80_40,1.2,0.6666666666666666,0.06,0.03312583396642791,0.08687416603357209,3.19,5.32,0.5099626388888888,2.9240633333333315,4.263363333333332,0
main,dedication,1,longsword,durable,2,off,instant140,1.4,1,0.12,0.08322714044298431,0.1567728595570157,2.45,3.94,0.5205277777777778,0,0,0
main,audacity,1,dagger,short,1,off,instant100,1,1,0.8666666666666667,0.8281994415599943,0.9051338917733391,3.81,3.41,0.5700000000000001,0,0,0
main,audacity,1,dagger,short,1,off,old80_20,1,0.8,0.9133333333333333,0.8814960395715502,0.9451706270951165,4.05,3.64,0.5719939999999993,0.6261499999999999,1.1846599999999994,0
main,audacity,1,dagger,short,1,off,premium70_70,1.4,0.5,0.85,0.809593564868947,0.890406435131053,3.38,2.98,0.572933666666666,1.765703333333333,3.3714433333333305,0
main,audacity,1,dagger,short,1,off,premium80_60,1.4,0.5714285714285714,0.8266666666666667,0.7838313776494885,0.8695019556838448,3.3333333333333335,2.94,0.5691333333333332,1.402,2.958666666666669,0
main,audacity,1,dagger,short,1,off,premium84_56,1.4,0.6,0.8266666666666667,0.7838313776494885,0.8695019556838448,3.3333333333333335,2.94,0.5656540000000004,1.278513333333337,2.765580000000001,0
main,audacity,1,dagger,short,1,off,premium80_40,1.2,0.6666666666666666,0.8566666666666667,0.8170137644796659,0.8963195688536675,3.6966666666666668,3.296666666666667,0.5638870000000004,1.0643833333333326,2.147773333333332,0
main,audacity,1,dagger,short,1,off,instant140,1.4,1,0.8333333333333334,0.7911608480079637,0.875505818658703,2.6866666666666665,2.3,0.6228666666666672,0,0,0
main,audacity,1,dagger,short,2,off,instant100,1,1,0.7133333333333334,0.6621615795507515,0.7645050871159152,3.6,4.926666666666667,0.7035000000000005,0,0,0
main,audacity,1,dagger,short,2,off,old80_20,1,0.8,0.7166666666666667,0.6656745685133834,0.76765876481995,4.053333333333334,5.57,0.691376833333334,0.6685566666666664,2.7293666666666656,0
main,audacity,1,dagger,short,2,off,premium70_70,1.4,0.5,0.6133333333333333,0.5582256574547341,0.6684410092119325,3.513333333333333,4.836666666666667,0.6751745000000006,1.9353833333333321,8.152223333333326,0
main,audacity,1,dagger,short,2,off,premium80_60,1.4,0.5714285714285714,0.6233333333333333,0.5685013172735057,0.6781653493931609,3.42,4.703333333333333,0.6790000000000002,1.5213333333333348,7.001999999999995,0
main,audacity,1,dagger,short,2,off,premium84_56,1.4,0.6,0.62,0.5650733531577492,0.6749266468422508,3.42,4.703333333333333,0.6776910000000002,1.3729000000000031,6.5205199999999985,0
main,audacity,1,dagger,short,2,off,premium80_40,1.2,0.6666666666666666,0.6466666666666666,0.5925752959576045,0.7007580373757287,3.67,5.073333333333333,0.6822126666666665,1.1003,4.989379999999998,0
main,audacity,1,dagger,short,2,off,instant140,1.4,1,0.6966666666666667,0.6446469444807851,0.7486863888525482,2.73,3.5166666666666666,0.720233333333334,0,0,0
main,audacity,1,dagger,durable,1,off,instant100,1,1,0.08666666666666667,0.05482937290488356,0.11850396042844978,4.533333333333333,4.486666666666666,0.027333333333333338,0,0,0
main,audacity,1,dagger,durable,1,off,old80_20,1,0.8,0.07333333333333333,0.04383429028545226,0.10283237638121441,4.943333333333333,4.903333333333333,0.020242666666666666,1.6216033333333342,0.5757300000000003,0
main,audacity,1,dagger,durable,1,off,premium70_70,1.4,0.5,0.10333333333333333,0.06888793779090888,0.1377787288757578,4.116666666666666,4.05,0.03130966666666667,4.276336666666665,1.8835333333333317,0
main,audacity,1,dagger,durable,1,off,premium80_60,1.4,0.5714285714285714,0.10333333333333333,0.06888793779090888,0.1377787288757578,3.99,3.93,0.03180000000000001,3.4919999999999995,1.5886666666666664,0
main,audacity,1,dagger,durable,1,off,premium84_56,1.4,0.6,0.10333333333333333,0.06888793779090888,0.1377787288757578,3.99,3.93,0.031122666666666663,3.2471966666666634,1.491226666666667,0
main,audacity,1,dagger,durable,1,off,premium80_40,1.2,0.6666666666666666,0.10333333333333333,0.06888793779090888,0.1377787288757578,4.3533333333333335,4.3,0.02493166666666667,2.6691266666666666,1.151306666666669,0
main,audacity,1,dagger,durable,1,off,instant140,1.4,1,0.10333333333333333,0.06888793779090888,0.1377787288757578,3.67,3.61,0.0422,0,0,0
main,audacity,1,dagger,durable,2,off,instant100,1,1,0.0033333333333333335,0,0.009855768688548667,2.6066666666666665,4.5633333333333335,0.5001666666666668,0,0,0
main,audacity,1,dagger,durable,2,off,old80_20,1,0.8,0.0033333333333333335,0,0.009855768688548667,3.0033333333333334,5.25,0.500211,1.2146399999999993,1.157986666666667,0
main,audacity,1,dagger,durable,2,off,premium70_70,1.4,0.5,0.013333333333333334,0.00035407010023438823,0.02631259656643228,2.7133333333333334,4.693333333333333,0.5012608333333333,3.391063333333332,3.994983333333335,0
main,audacity,1,dagger,durable,2,off,premium80_60,1.4,0.5714285714285714,0.01,0,0.021259342787214537,2.6,4.49,0.5011666666666666,2.677333333333335,3.476000000000002,0
main,audacity,1,dagger,durable,2,off,premium84_56,1.4,0.6,0.01,0,0.021259342787214537,2.5766666666666667,4.46,0.5011576666666667,2.4820133333333323,3.230776666666667,0
main,audacity,1,dagger,durable,2,off,premium80_40,1.2,0.6666666666666666,0.006666666666666667,0,0.01587534534294607,2.723333333333333,4.75,0.500822,1.9901933333333326,2.2746600000000003,0
main,audacity,1,dagger,durable,2,off,instant140,1.4,1,0.03333333333333333,0.01302037450660658,0.05364629216006009,2.3,3.8233333333333333,0.5052333333333334,0,0,0
main,curiosity,1,dagger,short,1,off,instant100,1,1,0.86,0.820734721020559,0.899265278979441,3.6,3.19,0.6056666666666666,0,0,0
main,curiosity,1,dagger,short,1,off,old80_20,1,0.8,0.86,0.820734721020559,0.899265278979441,3.9,3.49,0.5989976666666664,0.6354966666666668,1.1595299999999997,0
main,curiosity,1,dagger,short,1,off,premium70_70,1.4,0.5,0.8466666666666667,0.8058939205041915,0.8874394128291418,3.216666666666667,2.8066666666666666,0.6200779999999998,1.749366666666667,3.4266533333333298,0
main,curiosity,1,dagger,short,1,off,premium80_60,1.4,0.5714285714285714,0.84,0.7985146194425072,0.8814853805574927,3.1733333333333333,2.7666666666666666,0.6128666666666668,1.3893333333333329,3.014666666666668,0
main,curiosity,1,dagger,short,1,off,premium84_56,1.4,0.6,0.84,0.7985146194425072,0.8814853805574927,3.1733333333333333,2.7666666666666666,0.6095390000000002,1.2635833333333373,2.830903333333335,0
main,curiosity,1,dagger,short,1,off,premium80_40,1.2,0.6666666666666666,0.85,0.809593564868947,0.890406435131053,3.48,3.0766666666666667,0.603756,1.0499233333333335,2.116646666666667,0
main,curiosity,1,dagger,short,1,off,instant140,1.4,1,0.8466666666666667,0.8058939205041915,0.8874394128291418,2.566666666666667,2.1566666666666667,0.6455333333333344,0,0,0
main,curiosity,1,dagger,short,2,off,instant100,1,1,0.7533333333333333,0.7045530555943096,0.802113611072357,3.77,5.123333333333333,0.7183333333333335,0,0,0
main,curiosity,1,dagger,short,2,off,old80_20,1,0.8,0.7766666666666666,0.729537522738441,0.8237958105948923,4.1433333333333335,5.67,0.7090633333333335,0.7223433333333336,2.855106666666668,0
main,curiosity,1,dagger,short,2,off,premium70_70,1.4,0.5,0.6966666666666667,0.6446469444807851,0.7486863888525482,3.7133333333333334,4.996666666666667,0.6885268333333333,2.228590000000001,8.558206666666667,0
main,curiosity,1,dagger,short,2,off,premium80_60,1.4,0.5714285714285714,0.69,0.6376639627025507,0.7423360372974492,3.5933333333333333,4.8566666666666665,0.6901,1.6313333333333326,7.472666666666675,0
main,curiosity,1,dagger,short,2,off,premium84_56,1.4,0.6,0.69,0.6376639627025507,0.7423360372974492,3.5933333333333333,4.8566666666666665,0.6884675000000003,1.4568866666666689,6.974089999999997,0
main,curiosity,1,dagger,short,2,off,premium80_40,1.2,0.6666666666666666,0.7233333333333334,0.6727108900599891,0.7739557766066777,3.88,5.276666666666666,0.6964320000000004,1.2291766666666675,5.380029999999997,0
main,curiosity,1,dagger,short,2,off,instant140,1.4,1,0.7633333333333333,0.7152359882152562,0.8114306784514104,2.7666666666666666,3.5933333333333333,0.7400333333333344,0,0,0
main,curiosity,1,dagger,durable,1,off,instant100,1,1,0.07666666666666666,0.046558938115370756,0.10677439521796256,4.706666666666667,4.66,0.021333333333333326,0,0,0
main,curiosity,1,dagger,durable,1,off,old80_20,1,0.8,0.08666666666666667,0.05482937290488356,0.11850396042844978,5.11,5.053333333333334,0.022954999999999993,1.5922533333333322,0.5344000000000001,0
main,curiosity,1,dagger,durable,1,off,premium70_70,1.4,0.5,0.08333333333333333,0.05205738114662629,0.11460928552004038,4.15,4.096666666666667,0.02888766666666666,4.038339999999997,1.7575166666666662,0
main,curiosity,1,dagger,durable,1,off,premium80_60,1.4,0.5714285714285714,0.08,0.049300284474716495,0.11069971552528352,4.03,3.98,0.03146666666666667,3.296666666666671,1.5306666666666662,0
main,curiosity,1,dagger,durable,1,off,premium84_56,1.4,0.6,0.08,0.049300284474716495,0.11069971552528352,4.03,3.98,0.030967333333333336,3.0663133333333312,1.4283833333333331,0
main,curiosity,1,dagger,durable,1,off,premium80_40,1.2,0.6666666666666666,0.07333333333333333,0.04383429028545226,0.10283237638121441,4.426666666666667,4.383333333333334,0.022177000000000002,2.5967,1.021503333333334,0
main,curiosity,1,dagger,durable,1,off,instant140,1.4,1,0.10666666666666667,0.07173521972862551,0.14159811360470784,3.763333333333333,3.6966666666666668,0.05066666666666667,0,0,0
main,curiosity,1,dagger,durable,2,off,instant100,1,1,0.006666666666666667,0,0.01587534534294607,2.56,4.53,0.5011666666666666,0,0,0
main,curiosity,1,dagger,durable,2,off,old80_20,1,0.8,0.0033333333333333335,0,0.009855768688548667,2.9166666666666665,5.223333333333334,0.501,1.1357599999999999,1.1186666666666667,0
main,curiosity,1,dagger,durable,2,off,premium70_70,1.4,0.5,0.006666666666666667,0,0.01587534534294607,2.6333333333333333,4.6466666666666665,0.5019333333333333,3.176059999999999,3.7702366666666665,0
main,curiosity,1,dagger,durable,2,off,premium80_60,1.4,0.5714285714285714,0.006666666666666667,0,0.01587534534294607,2.48,4.3566666666666665,0.5019333333333333,2.453333333333334,3.080666666666669,0
main,curiosity,1,dagger,durable,2,off,premium84_56,1.4,0.6,0.006666666666666667,0,0.01587534534294607,2.46,4.323333333333333,0.5019333333333333,2.2490533333333325,2.866200000000002,0
main,curiosity,1,dagger,durable,2,off,premium80_40,1.2,0.6666666666666666,0.0033333333333333335,0,0.009855768688548667,2.683333333333333,4.763333333333334,0.5008666666666667,1.9119733333333329,2.188893333333334,0
main,curiosity,1,dagger,durable,2,off,instant140,1.4,1,0.02,0.00415750861343667,0.03584249138656333,2.11,3.66,0.5051,0,0,0
main,dedication,5,longsword,short,1,off,instant100,1,1,1,1,1,5.506666666666667,4.96,0.754696969696969,0,0,0
main,dedication,5,longsword,short,1,off,old80_20,1,0.8,1,1,1,5.79,5.243333333333333,0.7502568181818178,2.969429999999998,2.2782266666666686,0
main,dedication,5,longsword,short,1,off,premium70_70,1.4,0.5,0.9933333333333333,0.9841246546570539,1,4.8,4.253333333333333,0.7379162878787884,7.8873366666666715,6.819863333333333,0
main,dedication,5,longsword,short,1,off,premium80_60,1.4,0.5714285714285714,0.9933333333333333,0.9841246546570539,1,4.67,4.123333333333333,0.7436060606060616,6.3926666666666625,6.03466666666667,0
main,dedication,5,longsword,short,1,off,premium84_56,1.4,0.6,0.9933333333333333,0.9841246546570539,1,4.65,4.1033333333333335,0.7439303787878788,5.821710000000006,5.709650000000002,0
main,dedication,5,longsword,short,1,off,premium80_40,1.2,0.6666666666666666,1,1,1,5.223333333333334,4.676666666666667,0.7414891666666666,4.951866666666673,4.47199333333333,0
main,dedication,5,longsword,short,1,off,instant140,1.4,1,0.9933333333333333,0.9841246546570539,1,4.1866666666666665,3.64,0.7497121212121233,0,0,0
main,dedication,5,longsword,short,2,off,instant100,1,1,0.9933333333333333,0.9841246546570539,1,5.616666666666666,7.5633333333333335,0.8195075757575762,0,0,0
main,dedication,5,longsword,short,2,off,old80_20,1,0.8,0.9866666666666667,0.9736874034335677,0.9996459298997656,6.126666666666667,8.273333333333333,0.8067496969696969,3.989866666666667,7.076723333333331,0
main,dedication,5,longsword,short,2,off,premium70_70,1.4,0.5,0.9633333333333334,0.9420656858463726,0.9846009808202941,5.526666666666666,7.226666666666667,0.779662727272727,11.49262,21.797199999999993,0
main,dedication,5,longsword,short,2,off,premium80_60,1.4,0.5714285714285714,0.9666666666666667,0.9463537078399399,0.9869796254933935,5.343333333333334,7.016666666666667,0.7848257575757576,9.002666666666672,18.961333333333346,0
main,dedication,5,longsword,short,2,off,premium84_56,1.4,0.6,0.9666666666666667,0.9463537078399399,0.9869796254933935,5.276666666666666,6.9366666666666665,0.78668321969697,8.06191,17.716983333333317,0
main,dedication,5,longsword,short,2,off,premium80_40,1.2,0.6666666666666666,0.9733333333333334,0.955102328403798,0.9915643382628687,5.673333333333333,7.516666666666667,0.796714431818182,6.792160000000001,13.52563333333333,0
main,dedication,5,longsword,short,2,off,instant140,1.4,1,0.9766666666666667,0.9595839467860822,0.9937493865472512,4.333333333333333,5.623333333333333,0.8099393939393933,0,0,0
main,dedication,5,longsword,durable,1,off,instant100,1,1,0.4266666666666667,0.3706982014715562,0.4826351318617772,8.583333333333334,8.296666666666667,0.11833333333333336,0,0,0
main,dedication,5,longsword,durable,1,off,old80_20,1,0.8,0.38333333333333336,0.32831480446788186,0.43835186219878486,8.69,8.423333333333334,0.10659090909090914,8.524306666666673,1.7258500000000014,0
main,dedication,5,longsword,durable,1,off,premium70_70,1.4,0.5,0.7166666666666667,0.6656745685133834,0.76765876481995,7.48,7.02,0.24386363636363625,24.00858333333334,6.602743333333329,0
main,dedication,5,longsword,durable,1,off,premium80_60,1.4,0.5714285714285714,0.7266666666666667,0.676234298459701,0.7770990348736324,7.423333333333333,6.96,0.2515151515151514,20.253333333333334,5.9293333333333385,0
main,dedication,5,longsword,durable,1,off,premium84_56,1.4,0.6,0.7266666666666667,0.676234298459701,0.7770990348736324,7.423333333333333,6.96,0.2515151515151514,18.77636333333334,5.559560000000005,0
main,dedication,5,longsword,durable,1,off,premium80_40,1.2,0.6666666666666666,0.5833333333333334,0.5275443791631089,0.6391222875035578,8.033333333333333,7.656666666666666,0.18083333333333323,15.19645,3.6834133333333337,0
main,dedication,5,longsword,durable,1,off,instant140,1.4,1,0.7633333333333333,0.7152359882152562,0.8114306784514104,7.14,6.653333333333333,0.2828030303030303,0,0,0
main,dedication,5,longsword,durable,2,off,instant100,1,1,0.10666666666666667,0.07173521972862551,0.14159811360470784,5.89,9.723333333333333,0.5132954545454544,0,0,0
main,dedication,5,longsword,durable,2,off,old80_20,1,0.8,0.07,0.041127397069193786,0.09887260293080623,5.85,9.803333333333333,0.5099621212121211,8.940706666666669,4.538900000000004,0
main,dedication,5,longsword,durable,2,off,premium70_70,1.4,0.5,0.25333333333333335,0.20411748283026127,0.30254918383640544,5.99,9.263333333333334,0.5314393939393939,29.227080000000022,17.78827333333332,0
main,dedication,5,longsword,durable,2,off,premium80_60,1.4,0.5714285714285714,0.28,0.22919099292448242,0.33080900707551764,5.98,9.203333333333333,0.5335984848484848,24.341333333333328,16.274000000000008,0
main,dedication,5,longsword,durable,2,off,premium84_56,1.4,0.6,0.2833333333333333,0.23234123518005007,0.3343254314866166,5.98,9.186666666666667,0.5343560606060607,22.55159666666665,15.408726666666674,0
main,dedication,5,longsword,durable,2,off,premium80_40,1.2,0.6666666666666666,0.15333333333333332,0.1125605871708582,0.19410607949580844,5.933333333333334,9.54,0.5189015151515151,17.13272000000001,10.036069999999997,0
main,dedication,5,longsword,durable,2,off,instant140,1.4,1,0.37333333333333335,0.3185987110721532,0.4280679555945135,5.76,8.653333333333334,0.5574621212121214,0,0,0
main,audacity,5,dagger,short,1,off,instant100,1,1,0.9833333333333333,0.9688466088869587,0.9978200577797078,7.213333333333333,6.696666666666666,0.5886842105263157,0,0,0
main,audacity,5,dagger,short,1,off,old80_20,1,0.8,0.9866666666666667,0.9736874034335677,0.9996459298997656,7.466666666666667,6.95,0.5905020175438597,3.342583333333333,1.651083333333334,0
main,audacity,5,dagger,short,1,off,premium70_70,1.4,0.5,0.9633333333333334,0.9420656858463726,0.9846009808202941,5.976666666666667,5.466666666666667,0.5794941228070182,8.760670000000001,4.684099999999995,0
main,audacity,5,dagger,short,1,off,premium80_60,1.4,0.5714285714285714,0.9633333333333334,0.9420656858463726,0.9846009808202941,5.88,5.37,0.5817017543859655,7.253333333333332,4.144000000000003,0
main,audacity,5,dagger,short,1,off,premium84_56,1.4,0.6,0.9633333333333334,0.9420656858463726,0.9846009808202941,5.873333333333333,5.363333333333333,0.5800794736842112,6.671716666666678,3.9512800000000015,0
main,audacity,5,dagger,short,1,off,premium80_40,1.2,0.6666666666666666,0.97,0.9506962387084796,0.9893037612915203,6.58,6.07,0.5824737719298247,5.6296166666666725,3.0577733333333343,0
main,audacity,5,dagger,short,1,off,instant140,1.4,1,0.9666666666666667,0.9463537078399399,0.9869796254933935,5.4366666666666665,4.923333333333333,0.5852280701754391,0,0,0
main,audacity,5,dagger,short,2,off,instant100,1,1,0.9366666666666666,0.9091050841716496,0.9642282491616837,7.173333333333333,9.846666666666666,0.7176754385964919,0,0,0
main,audacity,5,dagger,short,2,off,old80_20,1,0.8,0.9166666666666666,0.8853907144799595,0.9479426188533737,7.74,10.72,0.6980530263157899,5.0400533333333355,5.07777,0
main,audacity,5,dagger,short,2,off,premium70_70,1.4,0.5,0.8,0.7547357388955334,0.8452642611044667,6.46,8.81,0.6717914473684212,13.046596666666684,14.734736666666661,0
main,audacity,5,dagger,short,2,off,premium80_60,1.4,0.5714285714285714,0.8066666666666666,0.7619781572478678,0.8513551760854655,6.32,8.606666666666667,0.6754649122807026,10.424666666666662,13.328000000000003,0
main,audacity,5,dagger,short,2,off,premium84_56,1.4,0.6,0.81,0.765606973520608,0.8543930264793921,6.273333333333333,8.54,0.6770433771929828,9.481186666666664,12.637496666666664,0
main,audacity,5,dagger,short,2,off,premium80_40,1.2,0.6666666666666666,0.8566666666666667,0.8170137644796659,0.8963195688536675,6.8966666666666665,9.423333333333334,0.6898219298245613,8.188716666666663,9.310626666666666,0
main,audacity,5,dagger,short,2,off,instant140,1.4,1,0.8633333333333333,0.824463202746315,0.9022034639203516,5.326666666666667,7.16,0.7090789473684221,0,0,0
main,audacity,5,dagger,durable,1,off,instant100,1,1,0.09333333333333334,0.0604150137686447,0.12625165289802198,8.75,8.683333333333334,0.020175438596491225,0,0,0
main,audacity,5,dagger,durable,1,off,old80_20,1,0.8,0.07,0.041127397069193786,0.09887260293080623,8.78,8.73,0.01649122807017544,6.639046666666669,0.9842700000000004,0
main,audacity,5,dagger,durable,1,off,premium70_70,1.4,0.5,0.31333333333333335,0.2608439190919131,0.3658227475747536,8.233333333333333,7.996666666666667,0.08105263157894735,21.052296666666674,3.8166866666666692,0
main,audacity,5,dagger,durable,1,off,premium80_60,1.4,0.5714285714285714,0.3233333333333333,0.27040257996771555,0.37626408669895106,8.216666666666667,7.973333333333334,0.08342105263157895,17.935333333333322,3.4066666666666645,0
main,audacity,5,dagger,durable,1,off,premium84_56,1.4,0.6,0.32666666666666666,0.2735949773454531,0.3797383559878802,8.206666666666667,7.96,0.08350877192982456,16.697096666666663,3.1683466666666673,0
main,audacity,5,dagger,durable,1,off,premium80_40,1.2,0.6666666666666666,0.19666666666666666,0.1516877784502469,0.24164555488308642,8.556666666666667,8.41,0.04043859649122808,12.68058666666667,2.154476666666666,0
main,audacity,5,dagger,durable,1,off,instant140,1.4,1,0.3566666666666667,0.3024609946933937,0.41087233863993966,8.093333333333334,7.826666666666667,0.09570175438596493,0,0,0
main,audacity,5,dagger,durable,2,off,instant100,1,1,0,0,0,4.833333333333333,8.836666666666666,0.5,0,0,0
main,audacity,5,dagger,durable,2,off,old80_20,1,0.8,0,0,0,4.81,8.84,0.5,5.386113333333333,2.4780800000000007,0
main,audacity,5,dagger,durable,2,off,premium70_70,1.4,0.5,0.02666666666666667,0.008435661737131357,0.04489767159620198,4.98,8.726666666666667,0.5022368421052632,18.986423333333345,9.347493333333329,0
main,audacity,5,dagger,durable,2,off,premium80_60,1.4,0.5714285714285714,0.02666666666666667,0.008435661737131357,0.04489767159620198,4.976666666666667,8.716666666666667,0.5025438596491227,16.115999999999996,8.20866666666667,0
main,audacity,5,dagger,durable,2,off,premium84_56,1.4,0.6,0.03,0.010696238708479636,0.049303761291520365,4.976666666666667,8.706666666666667,0.5028070175438596,15.007006666666673,7.640733333333336,0
main,audacity,5,dagger,durable,2,off,premium80_40,1.2,0.6666666666666666,0.006666666666666667,0,0.01587534534294607,4.92,8.823333333333334,0.5003947368421052,10.855910000000005,5.250223333333331,0
main,audacity,5,dagger,durable,2,off,instant140,1.4,1,0.05333333333333334,0.027906437104106858,0.07876022956255982,5.006666666666667,8.606666666666667,0.5056578947368421,0,0,0
main,curiosity,5,dagger,short,1,off,instant100,1,1,0.9733333333333334,0.955102328403798,0.9915643382628687,7.2,6.72,0.619385964912281,0,0,0
main,curiosity,5,dagger,short,1,off,old80_20,1,0.8,0.9733333333333334,0.955102328403798,0.9915643382628687,7.53,7.046666666666667,0.6126321929824565,3.376570000000002,1.6439866666666665,0
main,curiosity,5,dagger,short,1,off,premium70_70,1.4,0.5,0.9633333333333334,0.9420656858463726,0.9846009808202941,5.97,5.493333333333333,0.6126535087719303,8.713246666666667,4.738533333333337,0
main,curiosity,5,dagger,short,1,off,premium80_60,1.4,0.5714285714285714,0.9666666666666667,0.9463537078399399,0.9869796254933935,5.863333333333333,5.383333333333334,0.6168771929824561,7.212666666666657,4.221333333333334,0
main,curiosity,5,dagger,short,1,off,premium84_56,1.4,0.6,0.9666666666666667,0.9463537078399399,0.9869796254933935,5.84,5.36,0.616505701754386,6.635446666666678,4.015963333333334,0
main,curiosity,5,dagger,short,1,off,premium80_40,1.2,0.6666666666666666,0.97,0.9506962387084796,0.9893037612915203,6.546666666666667,6.07,0.6101587719298248,5.584293333333339,3.069313333333335,0
main,curiosity,5,dagger,short,1,off,instant140,1.4,1,0.97,0.9506962387084796,0.9893037612915203,5.416666666666667,4.933333333333334,0.6190175438596492,0,0,0
main,curiosity,5,dagger,short,2,off,instant100,1,1,0.9033333333333333,0.869893982816869,0.9367726838497976,7.216666666666667,10.046666666666667,0.7164035087719303,0,0,0
main,curiosity,5,dagger,short,2,off,old80_20,1,0.8,0.8933333333333333,0.8584018863952921,0.9282647802713745,7.766666666666667,10.886666666666667,0.6998800000000003,4.988000000000001,5.015809999999999,0
main,curiosity,5,dagger,short,2,off,premium70_70,1.4,0.5,0.8233333333333334,0.7801754038872388,0.8664912627794279,6.573333333333333,9.073333333333334,0.6692634210526319,13.232646666666668,14.598726666666659,0
main,curiosity,5,dagger,short,2,off,premium80_60,1.4,0.5714285714285714,0.8233333333333334,0.7801754038872388,0.8664912627794279,6.406666666666666,8.813333333333333,0.675982456140351,10.515999999999998,12.885999999999994,0
main,curiosity,5,dagger,short,2,off,premium84_56,1.4,0.6,0.8233333333333334,0.7801754038872388,0.8664912627794279,6.373333333333333,8.776666666666667,0.6759440350877195,9.497576666666662,12.35698,0
main,curiosity,5,dagger,short,2,off,premium80_40,1.2,0.6666666666666666,0.8666666666666667,0.8281994415599943,0.9051338917733391,7,9.706666666666667,0.6868159210526312,8.19714666666667,9.424969999999995,0
main,curiosity,5,dagger,short,2,off,instant140,1.4,1,0.8866666666666667,0.8507947595732528,0.9225385737600806,5.443333333333333,7.39,0.7106140350877199,0,0,0
main,curiosity,5,dagger,durable,1,off,instant100,1,1,0.11,0.07459319086202015,0.14540680913797985,8.28,8.2,0.02324561403508772,0,0,0
main,curiosity,5,dagger,durable,1,off,old80_20,1,0.8,0.1,0.06605180417165002,0.13394819582835,8.313333333333333,8.243333333333334,0.020701754385964916,6.12593,0.9996200000000003,0
main,curiosity,5,dagger,durable,1,off,premium70_70,1.4,0.5,0.25666666666666665,0.20723878669474677,0.30609454663858654,7.84,7.64,0.07605263157894734,19.56051666666668,3.652603333333333,0
main,curiosity,5,dagger,durable,1,off,premium80_60,1.4,0.5714285714285714,0.2633333333333333,0.21349266334199807,0.31317400332466855,7.8133333333333335,7.613333333333333,0.07885964912280699,16.657999999999994,3.2633333333333323,0
main,curiosity,5,dagger,durable,1,off,premium84_56,1.4,0.6,0.26666666666666666,0.21662514316793538,0.3167081901653979,7.806666666666667,7.6033333333333335,0.07982456140350874,15.508853333333324,3.081870000000004,0
main,curiosity,5,dagger,durable,1,off,premium80_40,1.2,0.6666666666666666,0.16666666666666666,0.124494181341297,0.20883915199203631,8.1,7.976666666666667,0.04219298245614033,11.739939999999999,2.120703333333333,0
main,curiosity,5,dagger,durable,1,off,instant140,1.4,1,0.3,0.24814327430313401,0.351856725696866,7.73,7.506666666666667,0.08842105263157893,0,0,0
main,curiosity,5,dagger,durable,2,off,instant100,1,1,0.0033333333333333335,0,0.009855768688548667,4.623333333333333,8.576666666666666,0.5005263157894737,0,0,0
main,curiosity,5,dagger,durable,2,off,old80_20,1,0.8,0.0033333333333333335,0,0.009855768688548667,4.6,8.57,0.5005263157894737,5.364060000000003,2.3650233333333337,0
main,curiosity,5,dagger,durable,2,off,premium70_70,1.4,0.5,0.02,0.00415750861343667,0.03584249138656333,4.776666666666666,8.523333333333333,0.502280701754386,18.426520000000014,9.306333333333324,0
main,curiosity,5,dagger,durable,2,off,premium80_60,1.4,0.5714285714285714,0.02,0.00415750861343667,0.03584249138656333,4.793333333333333,8.516666666666667,0.502280701754386,15.786666666666664,8.259999999999996,0
main,curiosity,5,dagger,durable,2,off,premium84_56,1.4,0.6,0.02,0.00415750861343667,0.03584249138656333,4.803333333333334,8.523333333333333,0.502280701754386,14.704503333333339,7.757756666666667,0
main,curiosity,5,dagger,durable,2,off,premium80_40,1.2,0.6666666666666666,0.006666666666666667,0,0.01587534534294607,4.703333333333333,8.56,0.5005701754385965,10.698963333333348,5.007153333333331,0
main,curiosity,5,dagger,durable,2,off,instant140,1.4,1,0.04,0.01782513134198987,0.06217486865801013,4.886666666666667,8.476666666666667,0.5041666666666668,0,0,0
main,dedication,10,longsword,short,1,off,instant100,1,1,1,1,1,5.536666666666667,5.1433333333333335,0.8359920634920631,0,0,0
main,dedication,10,longsword,short,1,off,old80_20,1,0.8,1,1,1,5.84,5.446666666666666,0.8334705158730159,3.729659999999998,2.6653566666666695,0
main,dedication,10,longsword,short,1,off,premium70_70,1.4,0.5,1,1,1,4.833333333333333,4.44,0.8306361111111112,9.835550000000001,7.7345733333333255,0
main,dedication,10,longsword,short,1,off,premium80_60,1.4,0.5714285714285714,1,1,1,4.77,4.376666666666667,0.8304206349206348,8.04599999999999,7.107333333333334,0
main,dedication,10,longsword,short,1,off,premium84_56,1.4,0.6,1,1,1,4.753333333333333,4.36,0.8302195634920636,7.372176666666675,6.727026666666666,0
main,dedication,10,longsword,short,1,off,premium80_40,1.2,0.6666666666666666,1,1,1,5.226666666666667,4.833333333333333,0.831119047619047,6.180503333333336,5.02401333333334,0
main,dedication,10,longsword,short,1,off,instant140,1.4,1,1,1,1,4.323333333333333,3.93,0.8347777777777772,0,0,0
main,dedication,10,longsword,short,2,off,instant100,1,1,1,1,1,5.676666666666667,7.766666666666667,0.8819444444444448,0,0,0
main,dedication,10,longsword,short,2,off,old80_20,1,0.8,1,1,1,6.1466666666666665,8.446666666666667,0.8736082341269839,5.0472,8.395163333333336,0
main,dedication,10,longsword,short,2,off,premium70_70,1.4,0.5,1,1,1,5.54,7.406666666666666,0.8535261904761903,14.308763333333339,25.753019999999957,0
main,dedication,10,longsword,short,2,off,premium80_60,1.4,0.5714285714285714,1,1,1,5.363333333333333,7.166666666666667,0.8576904761904768,11.01666666666667,23.182,0
main,dedication,10,longsword,short,2,off,premium84_56,1.4,0.6,1,1,1,5.306666666666667,7.1,0.858355833333333,9.89232333333333,21.826756666666665,0
main,dedication,10,longsword,short,2,off,premium80_40,1.2,0.6666666666666666,1,1,1,5.693333333333333,7.67,0.8669243253968252,8.479843333333342,15.658073333333332,0
main,dedication,10,longsword,short,2,off,instant140,1.4,1,1,1,1,4.473333333333334,5.95,0.8753888888888891,0,0,0
main,dedication,10,longsword,durable,1,off,instant100,1,1,0.7766666666666666,0.729537522738441,0.8237958105948923,11.17,10.706666666666667,0.278968253968254,0,0,0
main,dedication,10,longsword,durable,1,off,old80_20,1,0.8,0.76,0.7116709942167232,0.8083290057832768,11.41,10.96,0.27349817460317455,9.541426666666673,2.4027433333333335,0
main,dedication,10,longsword,durable,1,off,premium70_70,1.4,0.5,0.7266666666666667,0.676234298459701,0.7770990348736324,8.473333333333333,8.033333333333333,0.29783805555555554,23.893863333333346,5.977586666666666,0
main,dedication,10,longsword,durable,1,off,premium80_60,1.4,0.5714285714285714,0.7366666666666667,0.6868259966753315,0.7865073366580019,8.403333333333334,7.956666666666667,0.2986269841269842,20.05666666666667,5.552000000000001,0
main,dedication,10,longsword,durable,1,off,premium84_56,1.4,0.6,0.74,0.6903638626267783,0.7896361373732217,8.4,7.95,0.29692150793650796,18.569026666666666,5.325196666666668,0
main,dedication,10,longsword,durable,1,off,premium80_40,1.2,0.6666666666666666,0.75,0.701,0.799,9.68,9.236666666666666,0.2832970238095236,15.925139999999999,3.9569633333333356,0
main,dedication,10,longsword,durable,1,off,instant140,1.4,1,0.7333333333333333,0.683291809834602,0.7833748568320645,7.956666666666667,7.516666666666667,0.29972222222222217,0,0,0
main,dedication,10,longsword,durable,2,off,instant100,1,1,0.29333333333333333,0.24181243156988863,0.34485423509677804,8.65,13.71,0.5281746031746032,0,0,0
main,dedication,10,longsword,durable,2,off,old80_20,1,0.8,0.24333333333333335,0.19477670217311355,0.29188996449355314,8.92,14.23,0.5222731746031746,11.950200000000008,5.664113333333331,0
main,dedication,10,longsword,durable,2,off,premium70_70,1.4,0.5,0.21333333333333335,0.16697581510493487,0.25969085156173183,6.906666666666666,10.963333333333333,0.5209161507936506,29.550973333333342,16.38112666666665,0
main,dedication,10,longsword,durable,2,off,premium80_60,1.4,0.5714285714285714,0.22,0.17312361788704253,0.2668763821129575,6.83,10.81,0.5224365079365079,24.693333333333335,14.383999999999993,0
main,dedication,10,longsword,durable,2,off,premium84_56,1.4,0.6,0.22666666666666666,0.1792891123624199,0.2740442209709134,6.8,10.743333333333334,0.5227492857142856,22.752966666666666,13.476099999999994,0
main,dedication,10,longsword,durable,2,off,premium80_40,1.2,0.6666666666666666,0.23333333333333334,0.18547174276373513,0.28119492390293155,7.656666666666666,12.203333333333333,0.5234861111111112,19.516053333333364,10.345839999999999,0
main,dedication,10,longsword,durable,2,off,instant140,1.4,1,0.27666666666666667,0.22604422339332236,0.327289109940011,6.303333333333334,9.85,0.5333888888888891,0,0,0
main,audacity,10,dagger,short,1,off,instant100,1,1,1,1,1,6.933333333333334,6.533333333333333,0.7697260273972627,0,0,0
main,audacity,10,dagger,short,1,off,old80_20,1,0.8,1,1,1,7.223333333333334,6.823333333333333,0.7676928767123304,4.145033333333331,2.0346166666666687,0
main,audacity,10,dagger,short,1,off,premium70_70,1.4,0.5,1,1,1,5.87,5.47,0.7591310958904113,10.70773,6.195270000000001,0
main,audacity,10,dagger,short,1,off,premium80_60,1.4,0.5714285714285714,1,1,1,5.8,5.4,0.7601917808219181,8.92,5.597333333333333,0
main,audacity,10,dagger,short,1,off,premium84_56,1.4,0.6,1,1,1,5.783333333333333,5.383333333333334,0.7596872146118723,8.233869999999998,5.300863333333333,0
main,audacity,10,dagger,short,1,off,premium80_40,1.2,0.6666666666666666,1,1,1,6.306666666666667,5.906666666666666,0.7659635616438362,6.805656666666672,3.755480000000002,0
main,audacity,10,dagger,short,1,off,instant140,1.4,1,1,1,1,5.39,4.99,0.7577808219178083,0,0,0
main,audacity,10,dagger,short,2,off,instant100,1,1,0.9933333333333333,0.9841246546570539,1,7.226666666666667,10.196666666666667,0.819611872146118,0,0,0
main,audacity,10,dagger,short,2,off,old80_20,1,0.8,0.99,0.9787406572127855,1,7.846666666666667,11.043333333333333,0.8089467808219176,6.328256666666667,6.4503166666666685,0
main,audacity,10,dagger,short,2,off,premium70_70,1.4,0.5,0.9566666666666667,0.9336264364723433,0.97970689686099,6.693333333333333,9.183333333333334,0.7885221004566206,17.179440000000017,18.856859999999998,0
main,audacity,10,dagger,short,2,off,premium80_60,1.4,0.5714285714285714,0.9633333333333334,0.9420656858463726,0.9846009808202941,6.466666666666667,8.893333333333333,0.7930045662100456,13.636000000000001,16.555333333333344,0
main,audacity,10,dagger,short,2,off,premium84_56,1.4,0.6,0.9633333333333334,0.9420656858463726,0.9846009808202941,6.433333333333334,8.853333333333333,0.7932234931506849,12.291269999999992,15.642733333333341,0
main,audacity,10,dagger,short,2,off,premium80_40,1.2,0.6666666666666666,0.9766666666666667,0.9595839467860822,0.9937493865472512,7.08,9.846666666666666,0.7991719634703198,10.75388000000001,11.499896666666661,0
main,audacity,10,dagger,short,2,off,instant140,1.4,1,0.9733333333333334,0.955102328403798,0.9915643382628687,5.52,7.6066666666666665,0.8115068493150688,0,0,0
main,audacity,10,dagger,durable,1,off,instant100,1,1,0.32666666666666666,0.2735949773454531,0.3797383559878802,12.073333333333334,11.896666666666667,0.07456621004566207,0,0,0
main,audacity,10,dagger,durable,1,off,old80_20,1,0.8,0.3333333333333333,0.2799888900460552,0.3866777766206114,12.376666666666667,12.186666666666667,0.07288990867579904,8.416373333333347,1.0991300000000002,0
main,audacity,10,dagger,durable,1,off,premium70_70,1.4,0.5,0.36,0.30568288667464,0.41431711332536,9.246666666666666,9.043333333333333,0.08754132420091323,21.020116666666674,3.6729833333333293,0
main,audacity,10,dagger,durable,1,off,premium80_60,1.4,0.5714285714285714,0.36666666666666664,0.31213518068872026,0.421198152644613,9.163333333333334,8.953333333333333,0.08912328767123284,17.765333333333345,3.2446666666666677,0
main,audacity,10,dagger,durable,1,off,premium84_56,1.4,0.6,0.36666666666666664,0.31213518068872026,0.421198152644613,9.15,8.94,0.08809200913242012,16.50290333333334,3.0938333333333343,0
main,audacity,10,dagger,durable,1,off,premium80_40,1.2,0.6666666666666666,0.3566666666666667,0.3024609946933937,0.41087233863993966,10.546666666666667,10.343333333333334,0.08004328767123287,13.998590000000007,2.179546666666668,0
main,audacity,10,dagger,durable,1,off,instant140,1.4,1,0.36666666666666664,0.31213518068872026,0.421198152644613,8.726666666666667,8.52,0.09357077625570771,0,0,0
main,audacity,10,dagger,durable,2,off,instant100,1,1,0.02666666666666667,0.008435661737131357,0.04489767159620198,7.026666666666666,12.73,0.5026027397260274,0,0,0
main,audacity,10,dagger,durable,2,off,old80_20,1,0.8,0.023333333333333334,0.006250613452748785,0.040416053213917884,7.27,13.226666666666667,0.5020456164383561,8.069213333333337,2.711143333333334,0
main,audacity,10,dagger,durable,2,off,premium70_70,1.4,0.5,0.016666666666666666,0.0021799422202921463,0.031153391113041187,5.846666666666667,10.39,0.5015090867579909,20.487056666666682,8.55913666666666,0
main,audacity,10,dagger,durable,2,off,premium80_60,1.4,0.5714285714285714,0.016666666666666666,0.0021799422202921463,0.031153391113041187,5.783333333333333,10.223333333333333,0.5015890410958904,17.005333333333333,7.528666666666665,0
main,audacity,10,dagger,durable,2,off,premium84_56,1.4,0.6,0.023333333333333334,0.006250613452748785,0.040416053213917884,5.756666666666667,10.166666666666666,0.5020647716894977,15.688140000000002,7.167550000000004,0
main,audacity,10,dagger,durable,2,off,premium80_40,1.2,0.6666666666666666,0.016666666666666666,0.0021799422202921463,0.031153391113041187,6.38,11.48,0.5015266210045662,13.388026666666669,5.21141333333333,0
main,audacity,10,dagger,durable,2,off,instant140,1.4,1,0.04,0.01782513134198987,0.06217486865801013,5.39,9.39,0.503283105022831,0,0,0
main,curiosity,10,dagger,short,1,off,instant100,1,1,1,1,1,6.803333333333334,6.37,0.780639269406395,0,0,0
main,curiosity,10,dagger,short,1,off,old80_20,1,0.8,1,1,1,7.14,6.706666666666667,0.7751111415525123,4.176156666666662,1.9766000000000008,0
main,curiosity,10,dagger,short,1,off,premium70_70,1.4,0.5,1,1,1,5.7,5.266666666666667,0.7763916438356171,10.745636666666668,6.115893333333334,0
main,curiosity,10,dagger,short,1,off,premium80_60,1.4,0.5714285714285714,1,1,1,5.626666666666667,5.193333333333333,0.776520547945206,8.917999999999994,5.400666666666675,0
main,curiosity,10,dagger,short,1,off,premium84_56,1.4,0.6,1,1,1,5.613333333333333,5.18,0.7761078995433787,8.208219999999999,5.125309999999992,0
main,curiosity,10,dagger,short,1,off,premium80_40,1.2,0.6666666666666666,1,1,1,6.196666666666666,5.763333333333334,0.7774951141552522,6.848120000000008,3.707016666666671,0
main,curiosity,10,dagger,short,1,off,instant140,1.4,1,1,1,1,5.156666666666666,4.723333333333334,0.7764474885844752,0,0,0
main,curiosity,10,dagger,short,2,off,instant100,1,1,1,1,1,7.1466666666666665,9.996666666666666,0.8262100456621004,0,0,0
main,curiosity,10,dagger,short,2,off,old80_20,1,0.8,1,1,1,7.7,10.753333333333334,0.8192542009132421,6.299523333333336,6.45922,0
main,curiosity,10,dagger,short,2,off,premium70_70,1.4,0.5,0.9866666666666667,0.9736874034335677,0.9996459298997656,6.623333333333333,9.016666666666667,0.7966925114155246,17.201220000000006,19.333589999999997,0
main,curiosity,10,dagger,short,2,off,premium80_60,1.4,0.5714285714285714,0.99,0.9787406572127855,1,6.4366666666666665,8.79,0.799579908675799,13.725333333333328,16.93933333333334,0
main,curiosity,10,dagger,short,2,off,premium84_56,1.4,0.6,0.99,0.9787406572127855,1,6.386666666666667,8.713333333333333,0.8016516666666668,12.40398666666667,15.865370000000006,0
main,curiosity,10,dagger,short,2,off,premium80_40,1.2,0.6666666666666666,1,1,1,6.986666666666666,9.593333333333334,0.8106773059360733,10.510100000000016,11.93319333333333,0
main,curiosity,10,dagger,short,2,off,instant140,1.4,1,0.99,0.9787406572127855,1,5.416666666666667,7.336666666666667,0.8243470319634703,0,0,0
main,curiosity,10,dagger,durable,1,off,instant100,1,1,0.36666666666666664,0.31213518068872026,0.421198152644613,11.9,11.706666666666667,0.09159817351598176,0,0,0
main,curiosity,10,dagger,durable,1,off,old80_20,1,0.8,0.35333333333333333,0.29924196262427116,0.4074247040423955,12.2,12.01,0.08924305936073054,8.42978666666667,1.27151,0
main,curiosity,10,dagger,durable,1,off,premium70_70,1.4,0.5,0.36666666666666664,0.31213518068872026,0.421198152644613,9.083333333333334,8.893333333333333,0.11071164383561642,20.98158666666668,3.679176666666668,0
main,curiosity,10,dagger,durable,1,off,premium80_60,1.4,0.5714285714285714,0.37,0.3153655493301159,0.4246344506698841,9.026666666666667,8.836666666666666,0.11187214611872145,17.791333333333352,3.248666666666665,0
main,curiosity,10,dagger,durable,1,off,premium84_56,1.4,0.6,0.36666666666666664,0.31213518068872026,0.421198152644613,9.013333333333334,8.823333333333334,0.11099050228310499,16.53892,3.0285366666666693,0
main,curiosity,10,dagger,durable,1,off,premium80_40,1.2,0.6666666666666666,0.3566666666666667,0.3024609946933937,0.41087233863993966,10.356666666666667,10.17,0.0962568949771689,13.999480000000004,2.2289033333333337,0
main,curiosity,10,dagger,durable,1,off,instant140,1.4,1,0.3933333333333333,0.3380555159352459,0.4486111507314207,8.633333333333333,8.433333333333334,0.11179908675799079,0,0,0
main,curiosity,10,dagger,durable,2,off,instant100,1,1,0.023333333333333334,0.006250613452748785,0.040416053213917884,7.246666666666667,13.05,0.5008447488584475,0,0,0
main,curiosity,10,dagger,durable,2,off,old80_20,1,0.8,0.013333333333333334,0.00035407010023438823,0.02631259656643228,7.44,13.516666666666667,0.5007670776255708,8.365180000000008,2.622053333333333,0
main,curiosity,10,dagger,durable,2,off,premium70_70,1.4,0.5,0.02,0.00415750861343667,0.03584249138656333,6.096666666666667,10.833333333333334,0.5017587214611872,21.47147333333335,8.986126666666662,0
main,curiosity,10,dagger,durable,2,off,premium80_60,1.4,0.5714285714285714,0.023333333333333334,0.006250613452748785,0.040416053213917884,6.04,10.68,0.5021050228310503,18.130666666666666,7.76,0
main,curiosity,10,dagger,durable,2,off,premium84_56,1.4,0.6,0.023333333333333334,0.006250613452748785,0.040416053213917884,6.04,10.653333333333334,0.5020882191780821,16.88546333333333,7.2179633333333335,0
main,curiosity,10,dagger,durable,2,off,premium80_40,1.2,0.6666666666666666,0.02,0.00415750861343667,0.03584249138656333,6.613333333333333,11.82,0.5018112100456621,13.737333333333341,5.250999999999998,0
main,curiosity,10,dagger,durable,2,off,instant140,1.4,1,0.03666666666666667,0.015399019179705879,0.05793431415362746,5.623333333333333,9.816666666666666,0.503054794520548,0,0,0
matchedType,dedication,1,longsword,durable,1,off,instant100,1,1,0.32,0.2672132541888276,0.37278674581117244,4.743333333333333,4.58,0.1341666666666667,0,0,0
matchedType,dedication,1,longsword,durable,1,off,old80_20,1,0.8,0.28,0.22919099292448242,0.33080900707551764,4.8566666666666665,4.703333333333333,0.115,2.086523333333333,1.0574533333333336,0
matchedType,dedication,1,longsword,durable,1,off,premium70_70,1.4,0.5,0.43666666666666665,0.38054207563458414,0.49279125769874915,4.373333333333333,4.1433333333333335,0.2,6.154796666666668,3.582876666666668,0
matchedType,dedication,1,longsword,durable,1,off,premium80_60,1.4,0.5714285714285714,0.44333333333333336,0.3871175527625258,0.4995491139041409,4.306666666666667,4.073333333333333,0.2122222222222222,5.108666666666664,3.220000000000002,0
matchedType,dedication,1,longsword,durable,1,off,premium84_56,1.4,0.6,0.44666666666666666,0.3904091402895314,0.502924193043802,4.296666666666667,4.0633333333333335,0.21444444444444447,4.698583333333339,3.0373466666666693,0
matchedType,dedication,1,longsword,durable,1,off,premium80_40,1.2,0.6666666666666666,0.38333333333333336,0.32831480446788186,0.43835186219878486,4.593333333333334,4.3966666666666665,0.1625,3.7807133333333307,2.1241200000000005,0
matchedType,dedication,1,longsword,durable,1,off,instant140,1.4,1,0.5233333333333333,0.4668146502211027,0.579852016445564,4.07,3.7866666666666666,0.26555555555555554,0,0,0
matchedType,dedication,1,longsword,durable,1,off,instant100,1,1,0.32,0.2672132541888276,0.37278674581117244,4.743333333333333,4.58,0.1341666666666667,0,0,0
matchedType,dedication,1,longsword,durable,1,off,old80_20,1,0.8,0.32,0.2672132541888276,0.37278674581117244,4.743333333333333,4.58,0.1341666666666667,0,0,0
matchedType,dedication,1,longsword,durable,1,off,premium70_70,1.4,0.5,0.32,0.2672132541888276,0.37278674581117244,4.743333333333333,4.58,0.1341666666666667,0,0,0
matchedType,dedication,1,longsword,durable,1,off,premium80_60,1.4,0.5714285714285714,0.32,0.2672132541888276,0.37278674581117244,4.743333333333333,4.58,0.1341666666666667,0,0,0
matchedType,dedication,1,longsword,durable,1,off,premium84_56,1.4,0.6,0.32,0.2672132541888276,0.37278674581117244,4.743333333333333,4.58,0.1341666666666667,0,0,0
matchedType,dedication,1,longsword,durable,1,off,premium80_40,1.2,0.6666666666666666,0.32,0.2672132541888276,0.37278674581117244,4.743333333333333,4.58,0.1341666666666667,0,0,0
matchedType,dedication,1,longsword,durable,1,off,instant140,1.4,1,0.32,0.2672132541888276,0.37278674581117244,4.743333333333333,4.58,0.1341666666666667,0,0,0
matchedType,dedication,5,longsword,durable,1,off,instant100,1,1,0.45,0.39370328606392735,0.5062967139360727,8.48,8.223333333333333,0.13500000000000004,0,0,0
matchedType,dedication,5,longsword,durable,1,off,old80_20,1,0.8,0.42333333333333334,0.3674220962728852,0.4792445703937815,8.623333333333333,8.376666666666667,0.12310606060606062,8.617206666666664,1.831183333333333,0
matchedType,dedication,5,longsword,durable,1,off,premium70_70,1.4,0.5,0.7266666666666667,0.676234298459701,0.7770990348736324,7.343333333333334,6.923333333333333,0.260378787878788,24.20403666666666,6.799513333333331,0
matchedType,dedication,5,longsword,durable,1,off,premium80_60,1.4,0.5714285714285714,0.7333333333333333,0.683291809834602,0.7833748568320645,7.283333333333333,6.8566666666666665,0.2638636363636365,20.41933333333333,5.981333333333331,0
matchedType,dedication,5,longsword,durable,1,off,premium84_56,1.4,0.6,0.7333333333333333,0.683291809834602,0.7833748568320645,7.27,6.843333333333334,0.2643181818181819,18.936666666666667,5.701446666666667,0
matchedType,dedication,5,longsword,durable,1,off,premium80_40,1.2,0.6666666666666666,0.6033333333333334,0.5479744963727394,0.6586921702939273,7.926666666666667,7.576666666666667,0.19015151515151518,15.298020000000015,3.981619999999998,0
matchedType,dedication,5,longsword,durable,1,off,instant140,1.4,1,0.7733333333333333,0.7259557790290866,0.82071088763758,7.003333333333333,6.553333333333334,0.28727272727272746,0,0,0
matchedType,dedication,5,longsword,durable,1,off,instant100,1,1,0.45,0.39370328606392735,0.5062967139360727,8.48,8.223333333333333,0.13500000000000004,0,0,0
matchedType,dedication,5,longsword,durable,1,off,old80_20,1,0.8,0.45,0.39370328606392735,0.5062967139360727,8.48,8.223333333333333,0.13500000000000004,0,0,0
matchedType,dedication,5,longsword,durable,1,off,premium70_70,1.4,0.5,0.45,0.39370328606392735,0.5062967139360727,8.48,8.223333333333333,0.13500000000000004,0,0,0
matchedType,dedication,5,longsword,durable,1,off,premium80_60,1.4,0.5714285714285714,0.45,0.39370328606392735,0.5062967139360727,8.48,8.223333333333333,0.13500000000000004,0,0,0
matchedType,dedication,5,longsword,durable,1,off,premium84_56,1.4,0.6,0.45,0.39370328606392735,0.5062967139360727,8.48,8.223333333333333,0.13500000000000004,0,0,0
matchedType,dedication,5,longsword,durable,1,off,premium80_40,1.2,0.6666666666666666,0.45,0.39370328606392735,0.5062967139360727,8.48,8.223333333333333,0.13500000000000004,0,0,0
matchedType,dedication,5,longsword,durable,1,off,instant140,1.4,1,0.45,0.39370328606392735,0.5062967139360727,8.48,8.223333333333333,0.13500000000000004,0,0,0
matchedType,dedication,10,longsword,durable,1,off,instant100,1,1,0.7633333333333333,0.7152359882152562,0.8114306784514104,11.003333333333334,10.586666666666666,0.26293650793650786,0,0,0
matchedType,dedication,10,longsword,durable,1,off,old80_20,1,0.8,0.7466666666666667,0.6974508161635946,0.7958825171697388,11.233333333333333,10.82,0.24515873015873016,9.47161666666667,2.2154266666666667,0
matchedType,dedication,10,longsword,durable,1,off,premium70_70,1.4,0.5,0.9133333333333333,0.8814960395715502,0.9451706270951165,8.993333333333334,8.49,0.40027777777777784,24.762766666666685,7.620263333333328,0
matchedType,dedication,10,longsword,durable,1,off,premium80_60,1.4,0.5714285714285714,0.9133333333333333,0.8814960395715502,0.9451706270951165,8.93,8.426666666666666,0.4057142857142858,20.85000000000001,7.092666666666671,0
matchedType,dedication,10,longsword,durable,1,off,premium84_56,1.4,0.6,0.9133333333333333,0.8814960395715502,0.9451706270951165,8.91,8.406666666666666,0.4070238095238096,19.32969333333332,6.697199999999999,0
matchedType,dedication,10,longsword,durable,1,off,premium80_40,1.2,0.6666666666666666,0.85,0.809593564868947,0.890406435131053,10.06,9.576666666666666,0.32623015873015865,16.099836666666683,4.586276666666666,0
matchedType,dedication,10,longsword,durable,1,off,instant140,1.4,1,0.92,0.8893002844747165,0.9506997155252835,8.52,8.013333333333334,0.43869047619047613,0,0,0
matchedType,dedication,10,longsword,durable,1,off,instant100,1,1,0.7633333333333333,0.7152359882152562,0.8114306784514104,11.003333333333334,10.586666666666666,0.26293650793650786,0,0,0
matchedType,dedication,10,longsword,durable,1,off,old80_20,1,0.8,0.7633333333333333,0.7152359882152562,0.8114306784514104,11.003333333333334,10.586666666666666,0.26293650793650786,0,0,0
matchedType,dedication,10,longsword,durable,1,off,premium70_70,1.4,0.5,0.7633333333333333,0.7152359882152562,0.8114306784514104,11.003333333333334,10.586666666666666,0.26293650793650786,0,0,0
matchedType,dedication,10,longsword,durable,1,off,premium80_60,1.4,0.5714285714285714,0.7633333333333333,0.7152359882152562,0.8114306784514104,11.003333333333334,10.586666666666666,0.26293650793650786,0,0,0
matchedType,dedication,10,longsword,durable,1,off,premium84_56,1.4,0.6,0.7633333333333333,0.7152359882152562,0.8114306784514104,11.003333333333334,10.586666666666666,0.26293650793650786,0,0,0
matchedType,dedication,10,longsword,durable,1,off,premium80_40,1.2,0.6666666666666666,0.7633333333333333,0.7152359882152562,0.8114306784514104,11.003333333333334,10.586666666666666,0.26293650793650786,0,0,0
matchedType,dedication,10,longsword,durable,1,off,instant140,1.4,1,0.7633333333333333,0.7152359882152562,0.8114306784514104,11.003333333333334,10.586666666666666,0.26293650793650786,0,0,0
defenseSensitivity,dedication,1,longsword,short,1,resistant,instant100,1,1,0.89,0.8545931908620201,0.9254068091379799,4.796666666666667,4.3533333333333335,0.5675000000000001,0,0,0
defenseSensitivity,dedication,1,longsword,short,1,resistant,old80_20,1,0.8,0.9066666666666666,0.873748347101978,0.9395849862313552,5.1466666666666665,4.703333333333333,0.5544375000000004,0.7980066666666664,1.8176766666666686,0
defenseSensitivity,dedication,1,longsword,short,1,resistant,premium70_70,1.4,0.5,0.86,0.820734721020559,0.899265278979441,4.216666666666667,3.783333333333333,0.5457541666666667,2.064563333333335,5.0201966666666635,0
defenseSensitivity,dedication,1,longsword,short,1,resistant,premium80_60,1.4,0.5714285714285714,0.8466666666666667,0.8058939205041915,0.8874394128291418,4.14,3.7133333333333334,0.5471111111111114,1.615666666666667,4.618666666666671,0
defenseSensitivity,dedication,1,longsword,short,1,resistant,premium84_56,1.4,0.6,0.8466666666666667,0.8058939205041915,0.8874394128291418,4.123333333333333,3.6966666666666668,0.5473302777777775,1.4626466666666682,4.364573333333326,0
defenseSensitivity,dedication,1,longsword,short,1,resistant,premium80_40,1.2,0.6666666666666666,0.88,0.8432271404429843,0.9167728595570157,4.5633333333333335,4.123333333333333,0.5500127777777782,1.2851666666666661,3.3023033333333363,0
defenseSensitivity,dedication,1,longsword,short,1,resistant,instant140,1.4,1,0.8466666666666667,0.8058939205041915,0.8874394128291418,3.6233333333333335,3.203333333333333,0.5686111111111113,0,0,0
defenseSensitivity,dedication,1,longsword,short,1,vulnerable,instant100,1,1,0.97,0.9506962387084796,0.9893037612915203,2.28,1.8533333333333333,0.8186111111111104,0,0,0
defenseSensitivity,dedication,1,longsword,short,1,vulnerable,old80_20,1,0.8,0.97,0.9506962387084796,0.9893037612915203,2.3966666666666665,1.97,0.8212794444444449,0.14070666666666662,1.5255066666666663,0
defenseSensitivity,dedication,1,longsword,short,1,vulnerable,premium70_70,1.4,0.5,0.9633333333333334,0.9420656858463726,0.9846009808202941,2.1666666666666665,1.74,0.808538055555556,0.3826666666666668,4.782486666666673,0
defenseSensitivity,dedication,1,longsword,short,1,vulnerable,premium80_60,1.4,0.5714285714285714,0.96,0.9378251313419899,0.9821748686580101,2.16,1.7366666666666666,0.802833333333333,0.2540000000000002,4.081333333333333,0
defenseSensitivity,dedication,1,longsword,short,1,vulnerable,premium84_56,1.4,0.6,0.96,0.9378251313419899,0.9821748686580101,2.16,1.7366666666666666,0.8005394444444434,0.20253333333333337,3.8092099999999984,0
defenseSensitivity,dedication,1,longsword,short,1,vulnerable,premium80_40,1.2,0.6666666666666666,0.9733333333333334,0.955102328403798,0.9915643382628687,2.24,1.81,0.8155758333333334,0.2186666666666667,2.8474866666666645,0
defenseSensitivity,dedication,1,longsword,short,1,vulnerable,instant140,1.4,1,0.9533333333333334,0.9294650478512999,0.9772016188153668,2.026666666666667,1.6033333333333333,0.7865000000000001,0,0,0
defenseSensitivity,dedication,1,longsword,short,1,immune,instant100,1,1,0,0,0,11.063333333333333,11.063333333333333,0,0,0,0
defenseSensitivity,dedication,1,longsword,short,1,immune,old80_20,1,0.8,0,0,0,11.6,11.6,0,0,0,0
defenseSensitivity,dedication,1,longsword,short,1,immune,premium70_70,1.4,0.5,0,0,0,9.23,9.23,0,0,0,0
defenseSensitivity,dedication,1,longsword,short,1,immune,premium80_60,1.4,0.5714285714285714,0,0,0,9.106666666666667,9.106666666666667,0,0,0,0
defenseSensitivity,dedication,1,longsword,short,1,immune,premium84_56,1.4,0.6,0,0,0,9.106666666666667,9.106666666666667,0,0,0,0
defenseSensitivity,dedication,1,longsword,short,1,immune,premium80_40,1.2,0.6666666666666666,0,0,0,10.096666666666666,10.096666666666666,0,0,0,0
defenseSensitivity,dedication,1,longsword,short,1,immune,instant140,1.4,1,0,0,0,8.703333333333333,8.703333333333333,0,0,0,0
playerOnly,dedication,1,longsword,short,1,off,instant100,1,1,0.9533333333333334,0.9294650478512999,0.9772016188153668,2.8066666666666666,2.3866666666666667,0.7669444444444444,0,0,0
playerOnly,dedication,1,longsword,short,1,off,old80_20,1,0.8,0.9466666666666667,0.9212397704374402,0.9720935628958931,3.12,2.703333333333333,0.7466666666666668,0.4163733333333337,1.7304800000000022,0
playerOnly,dedication,1,longsword,short,1,off,premium70_70,1.4,0.5,0.9633333333333334,0.9420656858463726,0.9846009808202941,2.743333333333333,2.3233333333333333,0.7716666666666666,1.2912233333333327,5.053036666666667,0
playerOnly,dedication,1,longsword,short,1,off,premium80_60,1.4,0.5714285714285714,0.9633333333333334,0.9420656858463726,0.9846009808202941,2.6366666666666667,2.216666666666667,0.7766666666666666,0.9086666666666658,4.452666666666669,0
playerOnly,dedication,1,longsword,short,1,off,premium84_56,1.4,0.6,0.9633333333333334,0.9420656858463726,0.9846009808202941,2.6366666666666667,2.216666666666667,0.7766666666666666,0.7837633333333346,4.155619999999999,0
playerOnly,dedication,1,longsword,short,1,off,premium80_40,1.2,0.6666666666666666,0.9566666666666667,0.9336264364723433,0.97970689686099,2.88,2.46,0.7666666666666667,0.6865600000000003,3.230926666666672,0
playerOnly,dedication,1,longsword,short,1,off,instant140,1.4,1,0.9666666666666667,0.9463537078399399,0.9869796254933935,2.31,1.8866666666666667,0.812222222222222,0,0,0
halfHP,dedication,1,longsword,short,1,off,instant100,1,1,0.7466666666666667,0.6974508161635946,0.7958825171697388,2.5933333333333333,2.28,0.26999999999999974,0,0,0
halfHP,dedication,1,longsword,short,1,off,old80_20,1,0.8,0.7566666666666667,0.7081100355064469,0.8052232978268865,2.973333333333333,2.6666666666666665,0.2534841666666667,0.38038666666666665,1.5033466666666664,0
halfHP,dedication,1,longsword,short,1,off,premium70_70,1.4,0.5,0.7466666666666667,0.6974508161635946,0.7958825171697388,2.5933333333333333,2.2866666666666666,0.2602177777777779,1.0858966666666645,4.324249999999998,0
halfHP,dedication,1,longsword,short,1,off,premium80_60,1.4,0.5714285714285714,0.7233333333333334,0.6727108900599891,0.7739557766066777,2.4366666666666665,2.13,0.26622222222222214,0.7466666666666661,3.582000000000002,0
halfHP,dedication,1,longsword,short,1,off,premium84_56,1.4,0.6,0.7233333333333334,0.6727108900599891,0.7739557766066777,2.4366666666666665,2.13,0.26445805555555557,0.6388000000000014,3.3429966666666666,0
halfHP,dedication,1,longsword,short,1,off,premium80_40,1.2,0.6666666666666666,0.7466666666666667,0.6974508161635946,0.7958825171697388,2.67,2.3666666666666667,0.25961611111111105,0.5896800000000001,2.6820266666666672,0
halfHP,dedication,1,longsword,short,1,off,instant140,1.4,1,0.6866666666666666,0.6341772524252465,0.7391560809080868,2.1433333333333335,1.85,0.2694444444444444,0,0,0
defenseSensitivity,dedication,1,longsword,durable,1,resistant,instant100,1,1,0.02666666666666667,0.008435661737131357,0.04489767159620198,5.503333333333333,5.486666666666666,0.006944444444444445,0,0,0
defenseSensitivity,dedication,1,longsword,durable,1,resistant,old80_20,1,0.8,0.03333333333333333,0.01302037450660658,0.05364629216006009,5.873333333333333,5.8566666666666665,0.006851666666666667,1.50697,0.8318666666666661,0
defenseSensitivity,dedication,1,longsword,durable,1,resistant,premium70_70,1.4,0.5,0.06,0.03312583396642791,0.08687416603357209,4.816666666666666,4.783333333333333,0.017545833333333333,3.865736666666668,2.8440066666666683,0
defenseSensitivity,dedication,1,longsword,durable,1,resistant,premium80_60,1.4,0.5714285714285714,0.06,0.03312583396642791,0.08687416603357209,4.663333333333333,4.63,0.016833333333333332,3.1376666666666675,2.388000000000002,0
defenseSensitivity,dedication,1,longsword,durable,1,resistant,premium84_56,1.4,0.6,0.06,0.03312583396642791,0.08687416603357209,4.66,4.626666666666667,0.016547777777777776,2.9217833333333307,2.2179100000000003,0
defenseSensitivity,dedication,1,longsword,durable,1,resistant,premium80_40,1.2,0.6666666666666666,0.04666666666666667,0.022798381184633155,0.07053495214870018,5.22,5.19,0.01588861111111111,2.5414166666666644,1.6081266666666654,0
defenseSensitivity,dedication,1,longsword,durable,1,resistant,instant140,1.4,1,0.06,0.03312583396642791,0.08687416603357209,4.19,4.15,0.02227777777777778,0,0,0
defenseSensitivity,dedication,1,longsword,durable,1,vulnerable,instant100,1,1,0.62,0.5650733531577492,0.6749266468422508,3.5866666666666664,3.2333333333333334,0.35416666666666663,0,0,0
defenseSensitivity,dedication,1,longsword,durable,1,vulnerable,old80_20,1,0.8,0.6266666666666667,0.5719320444054866,0.6814012889278468,3.83,3.48,0.34267388888888894,1.894613333333333,1.4237600000000008,0
defenseSensitivity,dedication,1,longsword,durable,1,vulnerable,premium70_70,1.4,0.5,0.66,0.6063948062217849,0.7136051937782152,3.28,2.9033333333333333,0.35950750000000026,5.207193333333327,4.300833333333335,0
defenseSensitivity,dedication,1,longsword,durable,1,vulnerable,premium80_60,1.4,0.5714285714285714,0.6433333333333333,0.5891276613600603,0.6975390053066063,3.2,2.83,0.3596111111111109,4.0506666666666655,3.7673333333333328,0
defenseSensitivity,dedication,1,longsword,durable,1,vulnerable,premium84_56,1.4,0.6,0.6433333333333333,0.5891276613600603,0.6975390053066063,3.1933333333333334,2.8233333333333333,0.3567363888888887,3.66025333333334,3.614843333333331,0
defenseSensitivity,dedication,1,longsword,durable,1,vulnerable,premium80_40,1.2,0.6666666666666666,0.61,0.5548058988659114,0.6651941011340886,3.51,3.16,0.3442494444444448,3.208826666666669,2.687293333333334,0
defenseSensitivity,dedication,1,longsword,durable,1,vulnerable,instant140,1.4,1,0.65,0.5960258086365963,0.7039741913634038,2.6133333333333333,2.23,0.4104444444444443,0,0,0
defenseSensitivity,dedication,1,longsword,durable,1,immune,instant100,1,1,0,0,0,5.52,5.52,0,0,0,0
defenseSensitivity,dedication,1,longsword,durable,1,immune,old80_20,1,0.8,0,0,0,5.88,5.88,0,0,0,0
defenseSensitivity,dedication,1,longsword,durable,1,immune,premium70_70,1.4,0.5,0,0,0,4.906666666666666,4.906666666666666,0,0,0,0
defenseSensitivity,dedication,1,longsword,durable,1,immune,premium80_60,1.4,0.5714285714285714,0,0,0,4.74,4.74,0,0,0,0
defenseSensitivity,dedication,1,longsword,durable,1,immune,premium84_56,1.4,0.6,0,0,0,4.736666666666666,4.736666666666666,0,0,0,0
defenseSensitivity,dedication,1,longsword,durable,1,immune,premium80_40,1.2,0.6666666666666666,0,0,0,5.253333333333333,5.253333333333333,0,0,0,0
defenseSensitivity,dedication,1,longsword,durable,1,immune,instant140,1.4,1,0,0,0,4.27,4.27,0,0,0,0
playerOnly,dedication,1,longsword,durable,1,off,instant100,1,1,0.32,0.2672132541888276,0.37278674581117244,4.743333333333333,4.58,0.1341666666666667,0,0,0
playerOnly,dedication,1,longsword,durable,1,off,old80_20,1,0.8,0.28,0.22919099292448242,0.33080900707551764,4.8566666666666665,4.703333333333333,0.115,2.086523333333333,1.0574533333333336,0
playerOnly,dedication,1,longsword,durable,1,off,premium70_70,1.4,0.5,0.43666666666666665,0.38054207563458414,0.49279125769874915,4.373333333333333,4.1433333333333335,0.2,6.154796666666668,3.582876666666668,0
playerOnly,dedication,1,longsword,durable,1,off,premium80_60,1.4,0.5714285714285714,0.44333333333333336,0.3871175527625258,0.4995491139041409,4.306666666666667,4.073333333333333,0.2122222222222222,5.108666666666664,3.220000000000002,0
playerOnly,dedication,1,longsword,durable,1,off,premium84_56,1.4,0.6,0.44666666666666666,0.3904091402895314,0.502924193043802,4.296666666666667,4.0633333333333335,0.21444444444444447,4.698583333333339,3.0373466666666693,0
playerOnly,dedication,1,longsword,durable,1,off,premium80_40,1.2,0.6666666666666666,0.38333333333333336,0.32831480446788186,0.43835186219878486,4.593333333333334,4.3966666666666665,0.1625,3.7807133333333307,2.1241200000000005,0
playerOnly,dedication,1,longsword,durable,1,off,instant140,1.4,1,0.5233333333333333,0.4668146502211027,0.579852016445564,4.07,3.7866666666666666,0.26555555555555554,0,0,0
halfHP,dedication,1,longsword,durable,1,off,instant100,1,1,0.1,0.06605180417165002,0.13394819582835,2.9566666666666666,2.9,0.02416666666666667,0,0,0
halfHP,dedication,1,longsword,durable,1,off,old80_20,1,0.8,0.09,0.05761548518195772,0.12238451481804227,3.37,3.3066666666666666,0.021164999999999996,1.3440733333333326,0.7934666666666662,0
halfHP,dedication,1,longsword,durable,1,off,premium70_70,1.4,0.5,0.13,0.0919436838356627,0.1680563161643373,3.03,2.9466666666666668,0.028960833333333335,3.8041433333333314,2.7934799999999997,0
halfHP,dedication,1,longsword,durable,1,off,premium80_60,1.4,0.5714285714285714,0.12,0.08322714044298431,0.1567728595570157,2.6766666666666667,2.6,0.030611111111111113,2.6306666666666687,2.2060000000000004,0
halfHP,dedication,1,longsword,durable,1,off,premium84_56,1.4,0.6,0.12,0.08322714044298431,0.1567728595570157,2.6766666666666667,2.6,0.030235277777777778,2.430360000000001,2.085436666666667,0
halfHP,dedication,1,longsword,durable,1,off,premium80_40,1.2,0.6666666666666666,0.11,0.07459319086202015,0.14540680913797985,3.0566666666666666,2.986666666666667,0.026294166666666667,2.2424866666666667,1.58904,0
halfHP,dedication,1,longsword,durable,1,off,instant140,1.4,1,0.14333333333333334,0.10368043114633255,0.18298623552033413,2.3833333333333333,2.296666666666667,0.038222222222222234,0,0,0
defenseSensitivity,dedication,5,longsword,short,1,resistant,instant100,1,1,0.9666666666666667,0.9463537078399399,0.9869796254933935,10.103333333333333,9.633333333333333,0.5181818181818181,0,0,0
defenseSensitivity,dedication,5,longsword,short,1,resistant,old80_20,1,0.8,0.96,0.9378251313419899,0.9821748686580101,10.473333333333333,10.006666666666666,0.5075151515151519,3.7187266666666687,2.207126666666667,0
defenseSensitivity,dedication,5,longsword,short,1,resistant,premium70_70,1.4,0.5,0.95,0.9253372075114489,0.974662792488551,7.933333333333334,7.47,0.5120356818181825,9.331019999999999,6.760713333333334,0
defenseSensitivity,dedication,5,longsword,short,1,resistant,premium80_60,1.4,0.5714285714285714,0.95,0.9253372075114489,0.974662792488551,7.83,7.366666666666666,0.5155000000000001,7.820333333333335,6.050000000000002,0
defenseSensitivity,dedication,5,longsword,short,1,resistant,premium84_56,1.4,0.6,0.95,0.9253372075114489,0.974662792488551,7.82,7.3566666666666665,0.5137757575757572,7.2343166666666745,5.668573333333337,0
defenseSensitivity,dedication,5,longsword,short,1,resistant,premium80_40,1.2,0.6666666666666666,0.9566666666666667,0.9336264364723433,0.97970689686099,8.85,8.39,0.5176822727272731,6.106686666666667,4.061759999999999,0
defenseSensitivity,dedication,5,longsword,short,1,resistant,instant140,1.4,1,0.9466666666666667,0.9212397704374402,0.9720935628958931,7.386666666666667,6.926666666666667,0.5135151515151527,0,0,0
defenseSensitivity,dedication,5,longsword,short,1,vulnerable,instant100,1,1,1,1,1,3.43,2.9166666666666665,0.8590151515151518,0,0,0
defenseSensitivity,dedication,5,longsword,short,1,vulnerable,old80_20,1,0.8,1,1,1,3.72,3.2066666666666666,0.8537378030303023,2.0152333333333328,2.1934400000000003,0
defenseSensitivity,dedication,5,longsword,short,1,vulnerable,premium70_70,1.4,0.5,1,1,1,3.2,2.6866666666666665,0.845235454545454,5.877013333333333,6.315189999999999,0
defenseSensitivity,dedication,5,longsword,short,1,vulnerable,premium80_60,1.4,0.5714285714285714,1,1,1,3.07,2.5566666666666666,0.8486060606060613,4.612000000000004,5.458,0
defenseSensitivity,dedication,5,longsword,short,1,vulnerable,premium84_56,1.4,0.6,1,1,1,3.0566666666666666,2.5433333333333334,0.8477496212121216,4.115553333333337,5.136693333333331,0
defenseSensitivity,dedication,5,longsword,short,1,vulnerable,premium80_40,1.2,0.6666666666666666,1,1,1,3.44,2.9266666666666667,0.847490151515151,3.528893333333329,4.078343333333333,0
defenseSensitivity,dedication,5,longsword,short,1,vulnerable,instant140,1.4,1,0.9933333333333333,0.9841246546570539,1,2.5233333333333334,2.01,0.8613939393939409,0,0,0
defenseSensitivity,dedication,5,longsword,short,1,immune,instant100,1,1,0,0,0,21.003333333333334,21.003333333333334,0.007954545454545454,0,0,18
defenseSensitivity,dedication,5,longsword,short,1,immune,old80_20,1,0.8,0,0,0,21.32,21.32,0.0082675,0,0,19
defenseSensitivity,dedication,5,longsword,short,1,immune,premium70_70,1.4,0.5,0,0,0,16.3,16.3,0.0012499242424242425,0,0,3
defenseSensitivity,dedication,5,longsword,short,1,immune,premium80_60,1.4,0.5714285714285714,0,0,0,16.2,16.2,0.0012121212121212121,0,0,3
defenseSensitivity,dedication,5,longsword,short,1,immune,premium84_56,1.4,0.6,0,0,0,16.2,16.2,0.0011968939393939395,0,0,3
defenseSensitivity,dedication,5,longsword,short,1,immune,premium80_40,1.2,0.6666666666666666,0,0,0,18.3,18.3,0.0028685606060606062,0,0,5
defenseSensitivity,dedication,5,longsword,short,1,immune,instant140,1.4,1,0,0,0,15.85,15.85,0.000984848484848485,0,0,3
playerOnly,dedication,5,longsword,short,1,off,instant100,1,1,0.9966666666666667,0.9901442313114514,1,5.536666666666667,5.036666666666667,0.7581818181818182,0,0,0
playerOnly,dedication,5,longsword,short,1,off,old80_20,1,0.8,0.9966666666666667,0.9901442313114514,1,5.816666666666666,5.316666666666666,0.7422727272727275,2.984983333333335,2.259790000000001,0
playerOnly,dedication,5,longsword,short,1,off,premium70_70,1.4,0.5,1,1,1,4.723333333333334,4.22,0.8041666666666667,7.832279999999997,6.40219666666667,0
playerOnly,dedication,5,longsword,short,1,off,premium80_60,1.4,0.5714285714285714,1,1,1,4.64,4.136666666666667,0.8100757575757577,6.313333333333335,6.006,0
playerOnly,dedication,5,longsword,short,1,off,premium84_56,1.4,0.6,1,1,1,4.63,4.126666666666667,0.8104545454545456,5.737743333333338,5.7246166666666625,0
playerOnly,dedication,5,longsword,short,1,off,premium80_40,1.2,0.6666666666666666,1,1,1,5.13,4.626666666666667,0.7821212121212122,4.985613333333334,4.272866666666666,0
playerOnly,dedication,5,longsword,short,1,off,instant140,1.4,1,1,1,1,4.203333333333333,3.7,0.8316666666666668,0,0,0
halfHP,dedication,5,longsword,short,1,off,instant100,1,1,0.9166666666666666,0.8853907144799595,0.9479426188533737,5.416666666666667,4.926666666666667,0.26886363636363647,0,0,0
halfHP,dedication,5,longsword,short,1,off,old80_20,1,0.8,0.9166666666666666,0.8853907144799595,0.9479426188533737,5.733333333333333,5.243333333333333,0.2634757575757574,2.9216800000000003,2.2188900000000005,0
halfHP,dedication,5,longsword,short,1,off,premium70_70,1.4,0.5,0.89,0.8545931908620201,0.9254068091379799,4.586666666666667,4.1066666666666665,0.2650287878787881,7.551866666666665,6.020293333333333,0
halfHP,dedication,5,longsword,short,1,off,premium80_60,1.4,0.5714285714285714,0.89,0.8545931908620201,0.9254068091379799,4.52,4.043333333333333,0.26486363636363675,6.085999999999998,5.68,0
halfHP,dedication,5,longsword,short,1,off,premium84_56,1.4,0.6,0.89,0.8545931908620201,0.9254068091379799,4.493333333333333,4.016666666666667,0.2643319696969696,5.5422566666666695,5.385493333333332,0
halfHP,dedication,5,longsword,short,1,off,premium80_40,1.2,0.6666666666666666,0.8933333333333333,0.8584018863952921,0.9282647802713745,5.016666666666667,4.533333333333333,0.26293537878787876,4.836710000000002,3.983536666666663,0
halfHP,dedication,5,longsword,short,1,off,instant140,1.4,1,0.8733333333333333,0.8356961917092722,0.9109704749573944,4.06,3.5833333333333335,0.2687727272727278,0,0,0
defenseSensitivity,dedication,5,longsword,durable,1,resistant,instant100,1,1,0.02,0.00415750861343667,0.03584249138656333,9.883333333333333,9.873333333333333,0.004924242424242425,0,0,0
defenseSensitivity,dedication,5,longsword,durable,1,resistant,old80_20,1,0.8,0.016666666666666666,0.0021799422202921463,0.031153391113041187,9.896666666666667,9.886666666666667,0.002575757575757576,5.384803333333336,1.286750000000001,0
defenseSensitivity,dedication,5,longsword,durable,1,resistant,premium70_70,1.4,0.5,0.10333333333333333,0.06888793779090888,0.1377787288757578,9.706666666666667,9.64,0.02234848484848485,18.23752000000001,4.720536666666669,0
defenseSensitivity,dedication,5,longsword,durable,1,resistant,premium80_60,1.4,0.5714285714285714,0.11666666666666667,0.08033953161942216,0.1529938017139112,9.693333333333333,9.616666666666667,0.02431818181818182,15.602666666666673,4.114000000000003,0
defenseSensitivity,dedication,5,longsword,durable,1,resistant,premium84_56,1.4,0.6,0.11666666666666667,0.08033953161942216,0.1529938017139112,9.693333333333333,9.616666666666667,0.02431818181818182,14.556633333333327,3.867786666666667,0
defenseSensitivity,dedication,5,longsword,durable,1,resistant,premium80_40,1.2,0.6666666666666666,0.06,0.03312583396642791,0.08687416603357209,9.82,9.78,0.011893939393939394,10.617929999999996,2.636293333333333,0
defenseSensitivity,dedication,5,longsword,durable,1,resistant,instant140,1.4,1,0.13333333333333333,0.09486610822666093,0.17180055844000575,9.653333333333334,9.563333333333333,0.027424242424242427,0,0,0
defenseSensitivity,dedication,5,longsword,durable,1,vulnerable,instant100,1,1,0.9,0.8660518041716501,0.93394819582835,5.283333333333333,4.71,0.46121212121212124,0,0,0
defenseSensitivity,dedication,5,longsword,durable,1,vulnerable,old80_20,1,0.8,0.8966666666666666,0.8622212711242422,0.931112062209091,5.45,4.88,0.4390909090909091,8.269759999999998,2.4352066666666645,0
defenseSensitivity,dedication,5,longsword,durable,1,vulnerable,premium70_70,1.4,0.5,0.9566666666666667,0.9336264364723433,0.97970689686099,4.466666666666667,3.8766666666666665,0.5534090909090907,21.934353333333338,7.503389999999992,0
defenseSensitivity,dedication,5,longsword,durable,1,vulnerable,premium80_60,1.4,0.5714285714285714,0.9566666666666667,0.9336264364723433,0.97970689686099,4.3933333333333335,3.8033333333333332,0.5616666666666664,17.86133333333333,6.638,0
defenseSensitivity,dedication,5,longsword,durable,1,vulnerable,premium84_56,1.4,0.6,0.9566666666666667,0.9336264364723433,0.97970689686099,4.366666666666666,3.776666666666667,0.5635606060606059,16.304146666666654,6.329276666666667,0
defenseSensitivity,dedication,5,longsword,durable,1,vulnerable,premium80_40,1.2,0.6666666666666666,0.94,0.9131258339664279,0.966874166033572,4.876666666666667,4.293333333333333,0.5072727272727273,13.889486666666665,4.75984333333333,0
defenseSensitivity,dedication,5,longsword,durable,1,vulnerable,instant140,1.4,1,0.9566666666666667,0.9336264364723433,0.97970689686099,4.04,3.45,0.5959090909090906,0,0,0
defenseSensitivity,dedication,5,longsword,durable,1,immune,instant100,1,1,0,0,0,10.043333333333333,10.043333333333333,0,0,0,0
defenseSensitivity,dedication,5,longsword,durable,1,immune,old80_20,1,0.8,0,0,0,10.043333333333333,10.043333333333333,0,0,0,0
defenseSensitivity,dedication,5,longsword,durable,1,immune,premium70_70,1.4,0.5,0,0,0,10.043333333333333,10.043333333333333,0,0,0,0
defenseSensitivity,dedication,5,longsword,durable,1,immune,premium80_60,1.4,0.5714285714285714,0,0,0,10.043333333333333,10.043333333333333,0,0,0,0
defenseSensitivity,dedication,5,longsword,durable,1,immune,premium84_56,1.4,0.6,0,0,0,10.043333333333333,10.043333333333333,0,0,0,0
defenseSensitivity,dedication,5,longsword,durable,1,immune,premium80_40,1.2,0.6666666666666666,0,0,0,10.043333333333333,10.043333333333333,0,0,0,0
defenseSensitivity,dedication,5,longsword,durable,1,immune,instant140,1.4,1,0,0,0,10.043333333333333,10.043333333333333,0,0,0,0
playerOnly,dedication,5,longsword,durable,1,off,instant100,1,1,0.45,0.39370328606392735,0.5062967139360727,8.48,8.223333333333333,0.13500000000000004,0,0,0
playerOnly,dedication,5,longsword,durable,1,off,old80_20,1,0.8,0.42333333333333334,0.3674220962728852,0.4792445703937815,8.623333333333333,8.376666666666667,0.12310606060606062,8.617206666666664,1.831183333333333,0
playerOnly,dedication,5,longsword,durable,1,off,premium70_70,1.4,0.5,0.7266666666666667,0.676234298459701,0.7770990348736324,7.343333333333334,6.923333333333333,0.260378787878788,24.20403666666666,6.799513333333331,0
playerOnly,dedication,5,longsword,durable,1,off,premium80_60,1.4,0.5714285714285714,0.7333333333333333,0.683291809834602,0.7833748568320645,7.283333333333333,6.8566666666666665,0.2638636363636365,20.41933333333333,5.981333333333331,0
playerOnly,dedication,5,longsword,durable,1,off,premium84_56,1.4,0.6,0.7333333333333333,0.683291809834602,0.7833748568320645,7.27,6.843333333333334,0.2643181818181819,18.936666666666667,5.701446666666667,0
playerOnly,dedication,5,longsword,durable,1,off,premium80_40,1.2,0.6666666666666666,0.6033333333333334,0.5479744963727394,0.6586921702939273,7.926666666666667,7.576666666666667,0.19015151515151518,15.298020000000015,3.981619999999998,0
playerOnly,dedication,5,longsword,durable,1,off,instant140,1.4,1,0.7733333333333333,0.7259557790290866,0.82071088763758,7.003333333333333,6.553333333333334,0.28727272727272746,0,0,0
halfHP,dedication,5,longsword,durable,1,off,instant100,1,1,0.05333333333333334,0.027906437104106858,0.07876022956255982,5.263333333333334,5.23,0.008787878787878789,0,0,0
halfHP,dedication,5,longsword,durable,1,off,old80_20,1,0.8,0.043333333333333335,0.02029310313901003,0.06637356352765664,5.27,5.246666666666667,0.007575757575757577,4.796160000000003,1.282503333333333,0
halfHP,dedication,5,longsword,durable,1,off,premium70_70,1.4,0.5,0.17666666666666667,0.13350873722057213,0.2198245961127612,5.1066666666666665,4.98,0.028257575757575756,15.73761666666667,4.683193333333328,0
halfHP,dedication,5,longsword,durable,1,off,premium80_60,1.4,0.5714285714285714,0.2,0.15473573889553335,0.24526426110446667,5.096666666666667,4.953333333333333,0.031136363636363646,13.38866666666665,4.159333333333334,0
halfHP,dedication,5,longsword,durable,1,off,premium84_56,1.4,0.6,0.2,0.15473573889553335,0.24526426110446667,5.096666666666667,4.953333333333333,0.031136363636363646,12.453789999999996,3.8920100000000026,0
halfHP,dedication,5,longsword,durable,1,off,premium80_40,1.2,0.6666666666666666,0.11,0.07459319086202015,0.14540680913797985,5.203333333333333,5.133333333333334,0.016969696969696968,9.35454000000001,2.634536666666668,0
halfHP,dedication,5,longsword,durable,1,off,instant140,1.4,1,0.24666666666666667,0.19788638892764293,0.2954469444056904,5.01,4.843333333333334,0.03969696969696972,0,0,0
defenseSensitivity,dedication,10,longsword,short,1,resistant,instant100,1,1,1,1,1,10.093333333333334,9.686666666666667,0.6955158730158725,0,0,0
defenseSensitivity,dedication,10,longsword,short,1,resistant,old80_20,1,0.8,1,1,1,10.386666666666667,9.98,0.6941744841269839,4.53829666666667,2.752233333333333,0
defenseSensitivity,dedication,10,longsword,short,1,resistant,premium70_70,1.4,0.5,0.9966666666666667,0.9901442313114514,1,8.03,7.626666666666667,0.6916081746031745,11.69077666666667,7.805363333333339,0
defenseSensitivity,dedication,10,longsword,short,1,resistant,premium80_60,1.4,0.5714285714285714,0.9933333333333333,0.9841246546570539,1,7.916666666666667,7.513333333333334,0.6939365079365076,9.815333333333333,7.076666666666667,0
defenseSensitivity,dedication,10,longsword,short,1,resistant,premium84_56,1.4,0.6,0.9933333333333333,0.9841246546570539,1,7.9,7.496666666666667,0.6930194047619044,9.086606666666668,6.685969999999996,0
defenseSensitivity,dedication,10,longsword,short,1,resistant,premium80_40,1.2,0.6666666666666666,0.9966666666666667,0.9901442313114514,1,8.99,8.583333333333334,0.6945685714285716,7.5950900000000034,5.264920000000001,0
defenseSensitivity,dedication,10,longsword,short,1,resistant,instant140,1.4,1,0.99,0.9787406572127855,1,7.493333333333333,7.09,0.6941666666666666,0,0,0
defenseSensitivity,dedication,10,longsword,short,1,vulnerable,instant100,1,1,1,1,1,3.2733333333333334,2.85,0.9103968253968259,0,0,0
defenseSensitivity,dedication,10,longsword,short,1,vulnerable,old80_20,1,0.8,1,1,1,3.3766666666666665,2.953333333333333,0.9136613095238095,2.2158199999999986,2.622346666666669,0
defenseSensitivity,dedication,10,longsword,short,1,vulnerable,premium70_70,1.4,0.5,1,1,1,3.0233333333333334,2.6,0.90559007936508,6.480426666666663,8.071426666666666,0
defenseSensitivity,dedication,10,longsword,short,1,vulnerable,premium80_60,1.4,0.5714285714285714,1,1,1,3.013333333333333,2.59,0.903063492063492,5.07733333333333,7.341999999999998,0
defenseSensitivity,dedication,10,longsword,short,1,vulnerable,premium84_56,1.4,0.6,1,1,1,3.006666666666667,2.5833333333333335,0.9018567857142856,4.608760000000005,6.941846666666667,0
defenseSensitivity,dedication,10,longsword,short,1,vulnerable,premium80_40,1.2,0.6666666666666666,1,1,1,3.18,2.756666666666667,0.9067540079365077,3.8207066666666667,5.075673333333335,0
defenseSensitivity,dedication,10,longsword,short,1,vulnerable,instant140,1.4,1,1,1,1,2.49,2.066666666666667,0.9064999999999998,0,0,0
defenseSensitivity,dedication,10,longsword,short,1,immune,instant100,1,1,0,0,0,28.713333333333335,28.713333333333335,0.17432539682539686,0,0,206
defenseSensitivity,dedication,10,longsword,short,1,immune,old80_20,1,0.8,0,0,0,28.796666666666667,28.796666666666667,0.17824674603174606,0,0,214
defenseSensitivity,dedication,10,longsword,short,1,immune,premium70_70,1.4,0.5,0,0,0,24.823333333333334,24.823333333333334,0.05731428571428572,0,0,78
defenseSensitivity,dedication,10,longsword,short,1,immune,premium80_60,1.4,0.5714285714285714,0,0,0,24.776666666666667,24.776666666666667,0.05677777777777778,0,0,78
defenseSensitivity,dedication,10,longsword,short,1,immune,premium84_56,1.4,0.6,0,0,0,24.776666666666667,24.776666666666667,0.056566111111111116,0,0,77
defenseSensitivity,dedication,10,longsword,short,1,immune,premium80_40,1.2,0.6666666666666666,0,0,0,26.886666666666667,26.886666666666667,0.09991964285714286,0,0,133
defenseSensitivity,dedication,10,longsword,short,1,immune,instant140,1.4,1,0,0,0,24.413333333333334,24.413333333333334,0.05394444444444447,0,0,74
playerOnly,dedication,10,longsword,short,1,off,instant100,1,1,1,1,1,5.48,5.1033333333333335,0.8466666666666668,0,0,0
playerOnly,dedication,10,longsword,short,1,off,old80_20,1,0.8,1,1,1,5.756666666666667,5.38,0.8390079365079367,3.77431,2.619159999999998,0
playerOnly,dedication,10,longsword,short,1,off,premium70_70,1.4,0.5,1,1,1,4.616666666666666,4.24,0.8738492063492068,9.764730000000007,7.6770299999999985,0
playerOnly,dedication,10,longsword,short,1,off,premium80_60,1.4,0.5714285714285714,1,1,1,4.546666666666667,4.17,0.8753571428571434,7.887999999999993,6.960000000000003,0
playerOnly,dedication,10,longsword,short,1,off,premium84_56,1.4,0.6,1,1,1,4.533333333333333,4.156666666666666,0.8759523809523815,7.173816666666662,6.6380700000000035,0
playerOnly,dedication,10,longsword,short,1,off,premium80_40,1.2,0.6666666666666666,1,1,1,5.043333333333333,4.666666666666667,0.858968253968254,6.217580000000005,4.766700000000002,0
playerOnly,dedication,10,longsword,short,1,off,instant140,1.4,1,1,1,1,4.183333333333334,3.8066666666666666,0.8866666666666673,0,0,0
halfHP,dedication,10,longsword,short,1,off,instant100,1,1,1,1,1,5.42,4.966666666666667,0.35392857142857115,0,0,0
halfHP,dedication,10,longsword,short,1,off,old80_20,1,0.8,1,1,1,5.72,5.266666666666667,0.3521720634920635,3.7876466666666655,2.6504866666666658,0
halfHP,dedication,10,longsword,short,1,off,premium70_70,1.4,0.5,0.98,0.9641575086134366,0.9958424913865633,4.71,4.263333333333334,0.34022900793650807,9.747203333333337,7.798336666666666,0
halfHP,dedication,10,longsword,short,1,off,premium80_60,1.4,0.5714285714285714,0.9733333333333334,0.955102328403798,0.9915643382628687,4.66,4.216666666666667,0.33962698412698406,7.972666666666666,7.411333333333332,0
halfHP,dedication,10,longsword,short,1,off,premium84_56,1.4,0.6,0.97,0.9506962387084796,0.9893037612915203,4.65,4.206666666666667,0.3385753174603175,7.334883333333338,7.022609999999997,0
halfHP,dedication,10,longsword,short,1,off,premium80_40,1.2,0.6666666666666666,0.99,0.9787406572127855,1,5.02,4.57,0.348124523809524,6.1318000000000055,4.85112333333333,0
halfHP,dedication,10,longsword,short,1,off,instant140,1.4,1,0.9633333333333334,0.9420656858463726,0.9846009808202941,4.223333333333334,3.7866666666666666,0.3398888888888889,0,0,0
defenseSensitivity,dedication,10,longsword,durable,1,resistant,instant100,1,1,0.08666666666666667,0.05482937290488356,0.11850396042844978,14.573333333333334,14.523333333333333,0.014444444444444444,0,0,0
defenseSensitivity,dedication,10,longsword,durable,1,resistant,old80_20,1,0.8,0.08,0.049300284474716495,0.11069971552528352,14.823333333333334,14.78,0.013663650793650796,7.080476666666667,1.2056033333333342,0
defenseSensitivity,dedication,10,longsword,durable,1,resistant,premium70_70,1.4,0.5,0.14,0.10073472102055898,0.17926527897944106,11.02,10.94,0.02614742063492064,17.712656666666653,4.005219999999999,0
defenseSensitivity,dedication,10,longsword,durable,1,resistant,premium80_60,1.4,0.5714285714285714,0.14,0.10073472102055898,0.17926527897944106,10.943333333333333,10.866666666666667,0.025912698412698408,15.05033333333334,3.369333333333333,0
defenseSensitivity,dedication,10,longsword,durable,1,resistant,premium84_56,1.4,0.6,0.14333333333333334,0.10368043114633255,0.18298623552033413,10.906666666666666,10.826666666666666,0.026699246031746036,13.975036666666668,3.2109633333333356,0
defenseSensitivity,dedication,10,longsword,durable,1,resistant,premium80_40,1.2,0.6666666666666666,0.12666666666666668,0.08902952504260561,0.16430380829072774,12.516666666666667,12.44,0.021142341269841273,11.66308000000001,2.4787500000000002,0
defenseSensitivity,dedication,10,longsword,durable,1,resistant,instant140,1.4,1,0.13333333333333333,0.09486610822666093,0.17180055844000575,10.46,10.38,0.027666666666666662,0,0,0
defenseSensitivity,dedication,10,longsword,durable,1,vulnerable,instant100,1,1,0.9733333333333334,0.955102328403798,0.9915643382628687,6.456666666666667,5.94,0.6053571428571424,0,0,0
defenseSensitivity,dedication,10,longsword,durable,1,vulnerable,old80_20,1,0.8,0.9733333333333334,0.955102328403798,0.9915643382628687,6.716666666666667,6.2,0.6010254761904767,8.249026666666673,2.647386666666666,0
defenseSensitivity,dedication,10,longsword,durable,1,vulnerable,premium70_70,1.4,0.5,0.9766666666666667,0.9595839467860822,0.9937493865472512,5.466666666666667,4.946666666666666,0.5917445634920636,21.314580000000028,7.907246666666669,0
defenseSensitivity,dedication,10,longsword,durable,1,vulnerable,premium80_60,1.4,0.5714285714285714,0.9733333333333334,0.955102328403798,0.9915643382628687,5.39,4.873333333333333,0.5911825396825398,17.428,7.196666666666664,0
defenseSensitivity,dedication,10,longsword,durable,1,vulnerable,premium84_56,1.4,0.6,0.9733333333333334,0.955102328403798,0.9915643382628687,5.37,4.8533333333333335,0.5903717857142852,15.952359999999995,6.826606666666667,0
defenseSensitivity,dedication,10,longsword,durable,1,vulnerable,premium80_40,1.2,0.6666666666666666,0.9766666666666667,0.9595839467860822,0.9937493865472512,5.903333333333333,5.383333333333334,0.6030367063492066,13.58097333333334,4.956459999999997,0
defenseSensitivity,dedication,10,longsword,durable,1,vulnerable,instant140,1.4,1,0.97,0.9506962387084796,0.9893037612915203,4.9366666666666665,4.416666666666667,0.595388888888889,0,0,0
defenseSensitivity,dedication,10,longsword,durable,1,immune,instant100,1,1,0,0,0,14.7,14.7,0,0,0,0
defenseSensitivity,dedication,10,longsword,durable,1,immune,old80_20,1,0.8,0,0,0,14.99,14.99,0,0,0,0
defenseSensitivity,dedication,10,longsword,durable,1,immune,premium70_70,1.4,0.5,0,0,0,11.29,11.29,0,0,0,0
defenseSensitivity,dedication,10,longsword,durable,1,immune,premium80_60,1.4,0.5714285714285714,0,0,0,11.186666666666667,11.186666666666667,0,0,0,0
defenseSensitivity,dedication,10,longsword,durable,1,immune,premium84_56,1.4,0.6,0,0,0,11.166666666666666,11.166666666666666,0,0,0,0
defenseSensitivity,dedication,10,longsword,durable,1,immune,premium80_40,1.2,0.6666666666666666,0,0,0,12.786666666666667,12.786666666666667,0,0,0,0
defenseSensitivity,dedication,10,longsword,durable,1,immune,instant140,1.4,1,0,0,0,10.716666666666667,10.716666666666667,0,0,0,0
playerOnly,dedication,10,longsword,durable,1,off,instant100,1,1,0.7633333333333333,0.7152359882152562,0.8114306784514104,11.003333333333334,10.586666666666666,0.26293650793650786,0,0,0
playerOnly,dedication,10,longsword,durable,1,off,old80_20,1,0.8,0.7466666666666667,0.6974508161635946,0.7958825171697388,11.233333333333333,10.82,0.24515873015873016,9.47161666666667,2.2154266666666667,0
playerOnly,dedication,10,longsword,durable,1,off,premium70_70,1.4,0.5,0.9133333333333333,0.8814960395715502,0.9451706270951165,8.993333333333334,8.49,0.40027777777777784,24.762766666666685,7.620263333333328,0
playerOnly,dedication,10,longsword,durable,1,off,premium80_60,1.4,0.5714285714285714,0.9133333333333333,0.8814960395715502,0.9451706270951165,8.93,8.426666666666666,0.4057142857142858,20.85000000000001,7.092666666666671,0
playerOnly,dedication,10,longsword,durable,1,off,premium84_56,1.4,0.6,0.9133333333333333,0.8814960395715502,0.9451706270951165,8.91,8.406666666666666,0.4070238095238096,19.32969333333332,6.697199999999999,0
playerOnly,dedication,10,longsword,durable,1,off,premium80_40,1.2,0.6666666666666666,0.85,0.809593564868947,0.890406435131053,10.06,9.576666666666666,0.32623015873015865,16.099836666666683,4.586276666666666,0
playerOnly,dedication,10,longsword,durable,1,off,instant140,1.4,1,0.92,0.8893002844747165,0.9506997155252835,8.52,8.013333333333334,0.43869047619047613,0,0,0
halfHP,dedication,10,longsword,durable,1,off,instant100,1,1,0.18666666666666668,0.14257432988392219,0.23075900344941117,7.676666666666667,7.553333333333334,0.025912698412698405,0,0,0
halfHP,dedication,10,longsword,durable,1,off,old80_20,1,0.8,0.19333333333333333,0.14864482391453449,0.23802184275213217,7.96,7.833333333333333,0.02507853174603174,6.75011666666667,1.308976666666667,0
halfHP,dedication,10,longsword,durable,1,off,premium70_70,1.4,0.5,0.22666666666666666,0.1792891123624199,0.2740442209709134,6.166666666666667,6.023333333333333,0.036174880952380944,17.13064333333334,4.37929333333333,0
halfHP,dedication,10,longsword,durable,1,off,premium80_60,1.4,0.5714285714285714,0.23333333333333334,0.18547174276373513,0.28119492390293155,6.116666666666666,5.97,0.03706349206349204,14.43866666666666,3.9606666666666674,0
halfHP,dedication,10,longsword,durable,1,off,premium84_56,1.4,0.6,0.23,0.1823783186633091,0.2776216813366909,6.1,5.956666666666667,0.037050634920634914,13.398823333333327,3.695636666666666,0
halfHP,dedication,10,longsword,durable,1,off,premium80_40,1.2,0.6666666666666666,0.22333333333333333,0.17620418940510768,0.270462477261559,6.87,6.736666666666666,0.032506825396825395,11.265653333333333,2.436520000000003,0
halfHP,dedication,10,longsword,durable,1,off,instant140,1.4,1,0.2,0.15473573889553335,0.24526426110446667,5.596666666666667,5.48,0.03688888888888887,0,0,0